ID,falsto_name,globalid,year
1,Anzinger_Forst_1,39F8BBC7-B5F6-4B78-9B52-4334C8D2B0AC,2015
2,Anzinger_Forst_1,39F8BBC7-B5F6-4B78-9B52-4334C8D2B0AC,2016
3,Anzinger_Forst_1,39F8BBC7-B5F6-4B78-9B52-4334C8D2B0AC,2017
4,Anzinger_Forst_1,39F8BBC7-B5F6-4B78-9B52-4334C8D2B0AC,2018
5,Anzinger_Forst_1,CA4E180C-1652-4C68-ADEE-414EC9A06CC9,2019
6,Anzinger_Forst_1,019A1F0D-C6D3-41A4-822E-DBE7D4155859,2020
7,Anzinger_Forst_1,019A1F0D-C6D3-41A4-822E-DBE7D4155859,2021
8,Anzinger_Forst_2,5F96BB5E-D719-43C2-A3EC-B1971ABBCBD9,2015
9,Anzinger_Forst_2,5F96BB5E-D719-43C2-A3EC-B1971ABBCBD9,2016
10,Anzinger_Forst_2,5F96BB5E-D719-43C2-A3EC-B1971ABBCBD9,2017
11,Anzinger_Forst_2,5F96BB5E-D719-43C2-A3EC-B1971ABBCBD9,2018
12,Anzinger_Forst_2,4F8F0E90-ADC6-4FBA-86DD-79D15FD88E2D,2019
13,Anzinger_Forst_2,D19CEEBA-B6B2-4948-BFAD-8502EC989914,2020
14,Anzinger_Forst_2,D19CEEBA-B6B2-4948-BFAD-8502EC989914,2021
15,Auerbach_1,B2703C38-D5A8-4615-9C24-0E809CD11C54,2015
16,Auerbach_1,B2703C38-D5A8-4615-9C24-0E809CD11C54,2016
17,Auerbach_1,B2703C38-D5A8-4615-9C24-0E809CD11C54,2017
18,Auerbach_1,B2703C38-D5A8-4615-9C24-0E809CD11C54,2018
19,Auerbach_1,B2703C38-D5A8-4615-9C24-0E809CD11C54,2019
20,Auerbach_1,B2703C38-D5A8-4615-9C24-0E809CD11C54,2020
21,Auerbach_1,B2703C38-D5A8-4615-9C24-0E809CD11C54,2021
22,Auerbach_2,8C27D77F-1F31-4A11-A688-6C8DC5589CEA,2015
23,Auerbach_2,8C27D77F-1F31-4A11-A688-6C8DC5589CEA,2016
24,Auerbach_2,8C27D77F-1F31-4A11-A688-6C8DC5589CEA,2017
25,Auerbach_2,8C27D77F-1F31-4A11-A688-6C8DC5589CEA,2018
26,Auerbach_2,8C27D77F-1F31-4A11-A688-6C8DC5589CEA,2019
27,Auerbach_2,8C27D77F-1F31-4A11-A688-6C8DC5589CEA,2020
28,Auerbach_2,8C27D77F-1F31-4A11-A688-6C8DC5589CEA,2021
29,Auerbach_i.d.OPf._1,FA548E5C-9CD1-4068-9036-0CC844B4B379,2015
30,Auerbach_i.d.OPf._1,FA548E5C-9CD1-4068-9036-0CC844B4B379,2016
31,Auerbach_i.d.OPf._1,FA548E5C-9CD1-4068-9036-0CC844B4B379,2017
32,Auerbach_i.d.OPf._1,FA548E5C-9CD1-4068-9036-0CC844B4B379,2018
33,Auerbach_i.d.OPf._1,7371B6A9-4B60-46EE-976C-ADF54E0C4C9D,2019
34,Auerbach_i.d.OPf._1,102C38CF-B13B-49AC-B96E-CD3C13AC6ACE,2020
35,Auerbach_i.d.OPf._1,102C38CF-B13B-49AC-B96E-CD3C13AC6ACE,2021
36,Auerbach_i.d.OPf._2,6670317B-646C-4600-8122-AF3ABDFD5E06,2015
37,Auerbach_i.d.OPf._2,6670317B-646C-4600-8122-AF3ABDFD5E06,2016
38,Auerbach_i.d.OPf._2,6670317B-646C-4600-8122-AF3ABDFD5E06,2017
39,Auerbach_i.d.OPf._2,6670317B-646C-4600-8122-AF3ABDFD5E06,2018
40,Auerbach_i.d.OPf._2,6771E550-344C-4B1F-BEF3-D9923CD37E72,2019
41,Auerbach_i.d.OPf._2,5C4EF956-032D-4ADE-BBBF-F98513F13964,2020
42,Auerbach_i.d.OPf._2,5C4EF956-032D-4ADE-BBBF-F98513F13964,2021
43,Aying_1,3E992497-2CB4-45C3-926F-AD2772748845,2015
44,Aying_1,3E992497-2CB4-45C3-926F-AD2772748845,2016
45,Aying_1,3E992497-2CB4-45C3-926F-AD2772748845,2017
46,Aying_1,3E992497-2CB4-45C3-926F-AD2772748845,2018
47,Aying_1,3E992497-2CB4-45C3-926F-AD2772748845,2019
48,Aying_1,3E992497-2CB4-45C3-926F-AD2772748845,2020
49,Aying_1,3E992497-2CB4-45C3-926F-AD2772748845,2021
50,Aying_2,0AA3B890-C2E9-4F8C-85AD-83B88C407FDD,2015
51,Aying_2,0AA3B890-C2E9-4F8C-85AD-83B88C407FDD,2016
52,Aying_2,0AA3B890-C2E9-4F8C-85AD-83B88C407FDD,2017
53,Aying_2,0AA3B890-C2E9-4F8C-85AD-83B88C407FDD,2018
54,Aying_2,0AA3B890-C2E9-4F8C-85AD-83B88C407FDD,2019
55,Aying_2,0AA3B890-C2E9-4F8C-85AD-83B88C407FDD,2020
56,Aying_2,0AA3B890-C2E9-4F8C-85AD-83B88C407FDD,2021
57,Bad_Birnbach_1,88F8BEAF-BF0B-4581-AF4D-31352DF701F8,2015
58,Bad_Birnbach_1,88F8BEAF-BF0B-4581-AF4D-31352DF701F8,2016
59,Bad_Birnbach_1,88F8BEAF-BF0B-4581-AF4D-31352DF701F8,2017
60,Bad_Birnbach_1,88F8BEAF-BF0B-4581-AF4D-31352DF701F8,2018
61,Bad_Birnbach_1,88F8BEAF-BF0B-4581-AF4D-31352DF701F8,2019
62,Bad_Birnbach_1,88F8BEAF-BF0B-4581-AF4D-31352DF701F8,2020
63,Bad_Birnbach_1,88F8BEAF-BF0B-4581-AF4D-31352DF701F8,2021
64,Bad_Birnbach_2,003417A2-B31D-4DBA-B3C2-9D519E7FDAEC,2015
65,Bad_Birnbach_2,003417A2-B31D-4DBA-B3C2-9D519E7FDAEC,2016
66,Bad_Birnbach_2,003417A2-B31D-4DBA-B3C2-9D519E7FDAEC,2017
67,Bad_Birnbach_2,003417A2-B31D-4DBA-B3C2-9D519E7FDAEC,2018
68,Bad_Birnbach_2,003417A2-B31D-4DBA-B3C2-9D519E7FDAEC,2019
69,Bad_Birnbach_2,003417A2-B31D-4DBA-B3C2-9D519E7FDAEC,2020
70,Bad_Birnbach_2,003417A2-B31D-4DBA-B3C2-9D519E7FDAEC,2021
71,Beilngries_1,495BF42A-9017-4B00-AB6F-EC592D162700,2015
72,Beilngries_1,495BF42A-9017-4B00-AB6F-EC592D162700,2016
73,Beilngries_1,495BF42A-9017-4B00-AB6F-EC592D162700,2017
74,Beilngries_1,495BF42A-9017-4B00-AB6F-EC592D162700,2018
75,Beilngries_1,D123F18B-98C8-4298-AF57-6E8D78BE1ED9,2019
76,Beilngries_1,779B9DFB-1780-4FA1-9DD8-8C66CDAC5F37,2020
77,Beilngries_1,779B9DFB-1780-4FA1-9DD8-8C66CDAC5F37,2021
78,Beilngries_2,F9FB12E7-A68A-4481-87B8-7D360EDCF4B0,2015
79,Beilngries_2,F9FB12E7-A68A-4481-87B8-7D360EDCF4B0,2016
80,Beilngries_2,F9FB12E7-A68A-4481-87B8-7D360EDCF4B0,2017
81,Beilngries_2,F9FB12E7-A68A-4481-87B8-7D360EDCF4B0,2018
82,Beilngries_2,F8E7C51A-EF61-4FB4-8FC5-39EC34FD0AB7,2019
83,Beilngries_2,50F3B4EF-2AF8-45C5-B408-BAB421619ABC,2020
84,Beilngries_2,50F3B4EF-2AF8-45C5-B408-BAB421619ABC,2021
85,Blaichach_1,446B0238-4BA8-4F45-A650-E6883E0F9F7C,2015
86,Blaichach_1,446B0238-4BA8-4F45-A650-E6883E0F9F7C,2016
87,Blaichach_1,446B0238-4BA8-4F45-A650-E6883E0F9F7C,2017
88,Blaichach_1,446B0238-4BA8-4F45-A650-E6883E0F9F7C,2018
89,Blaichach_1,28B8BA3C-6D36-4E65-B813-883757F54A44,2019
90,Blaichach_1,223D1DF4-C0FF-4B5C-9567-80F4C2002A23,2020
91,Blaichach_1,223D1DF4-C0FF-4B5C-9567-80F4C2002A23,2021
92,Blaichach_2,B26BFE1E-E603-42B7-8D44-24D2FFD83701,2015
93,Blaichach_2,B26BFE1E-E603-42B7-8D44-24D2FFD83701,2016
94,Blaichach_2,B26BFE1E-E603-42B7-8D44-24D2FFD83701,2017
95,Blaichach_2,B26BFE1E-E603-42B7-8D44-24D2FFD83701,2018
96,Blaichach_2,B26BFE1E-E603-42B7-8D44-24D2FFD83701,2019
97,Blaichach_2,E81F11FE-86A4-4907-8635-1E899DB92B61,2020
98,Blaichach_2,E81F11FE-86A4-4907-8635-1E899DB92B61,2021
99,Bodenmais_1,B6F22ACC-3807-4E2C-90D0-C219E5AA3B97,2015
100,Bodenmais_1,B6F22ACC-3807-4E2C-90D0-C219E5AA3B97,2016
101,Bodenmais_1,B6F22ACC-3807-4E2C-90D0-C219E5AA3B97,2017
102,Bodenmais_1,B6F22ACC-3807-4E2C-90D0-C219E5AA3B97,2018
103,Bodenmais_1,B6F22ACC-3807-4E2C-90D0-C219E5AA3B97,2019
104,Bodenmais_1,677E6E24-C135-4927-BC0B-FBA3476A20E6,2020
105,Bodenmais_1,677E6E24-C135-4927-BC0B-FBA3476A20E6,2021
106,Bodenmais_2,2045113F-D407-4A39-8870-6F0564F03567,2015
107,Bodenmais_2,2045113F-D407-4A39-8870-6F0564F03567,2016
108,Bodenmais_2,2045113F-D407-4A39-8870-6F0564F03567,2017
109,Bodenmais_2,2045113F-D407-4A39-8870-6F0564F03567,2018
110,Bodenmais_2,2045113F-D407-4A39-8870-6F0564F03567,2019
111,Bodenmais_2,8D3CCDC1-C0A1-486C-9BBF-7140FD3A1316,2020
112,Bodenmais_2,8D3CCDC1-C0A1-486C-9BBF-7140FD3A1316,2021
113,Bundorfer_Forst_1,FA67E0E8-8FB2-4A38-BB5B-0FEC711904A5,2015
114,Bundorfer_Forst_1,FA67E0E8-8FB2-4A38-BB5B-0FEC711904A5,2016
115,Bundorfer_Forst_1,FA67E0E8-8FB2-4A38-BB5B-0FEC711904A5,2017
116,Bundorfer_Forst_1,FA67E0E8-8FB2-4A38-BB5B-0FEC711904A5,2018
117,Bundorfer_Forst_1,FA67E0E8-8FB2-4A38-BB5B-0FEC711904A5,2019
118,Bundorfer_Forst_1,FA67E0E8-8FB2-4A38-BB5B-0FEC711904A5,2020
119,Bundorfer_Forst_1,FA67E0E8-8FB2-4A38-BB5B-0FEC711904A5,2021
120,Bundorfer_Forst_2,06313834-CEEF-49CF-8B47-EC30CEBB5477,2015
121,Bundorfer_Forst_2,06313834-CEEF-49CF-8B47-EC30CEBB5477,2016
122,Bundorfer_Forst_2,06313834-CEEF-49CF-8B47-EC30CEBB5477,2017
123,Bundorfer_Forst_2,06313834-CEEF-49CF-8B47-EC30CEBB5477,2018
124,Bundorfer_Forst_2,06313834-CEEF-49CF-8B47-EC30CEBB5477,2019
125,Bundorfer_Forst_2,06313834-CEEF-49CF-8B47-EC30CEBB5477,2020
126,Bundorfer_Forst_2,06313834-CEEF-49CF-8B47-EC30CEBB5477,2021
127,Burglengenfeld_1,F88F45C7-B3F7-4FA3-B3EF-FF9EC22E1B58,2015
128,Burglengenfeld_1,F88F45C7-B3F7-4FA3-B3EF-FF9EC22E1B58,2016
129,Burglengenfeld_1,F88F45C7-B3F7-4FA3-B3EF-FF9EC22E1B58,2017
130,Burglengenfeld_1,F88F45C7-B3F7-4FA3-B3EF-FF9EC22E1B58,2018
131,Burglengenfeld_1,F88F45C7-B3F7-4FA3-B3EF-FF9EC22E1B58,2019
132,Burglengenfeld_1,F88F45C7-B3F7-4FA3-B3EF-FF9EC22E1B58,2020
133,Burglengenfeld_1,F88F45C7-B3F7-4FA3-B3EF-FF9EC22E1B58,2021
134,Burglengenfeld_2,376EFBF1-BF62-40CD-A8FD-519F9154BDC5,2015
135,Burglengenfeld_2,376EFBF1-BF62-40CD-A8FD-519F9154BDC5,2016
136,Burglengenfeld_2,376EFBF1-BF62-40CD-A8FD-519F9154BDC5,2017
137,Burglengenfeld_2,376EFBF1-BF62-40CD-A8FD-519F9154BDC5,2018
138,Burglengenfeld_2,376EFBF1-BF62-40CD-A8FD-519F9154BDC5,2019
139,Burglengenfeld_2,376EFBF1-BF62-40CD-A8FD-519F9154BDC5,2020
140,Burglengenfeld_2,376EFBF1-BF62-40CD-A8FD-519F9154BDC5,2021
141,Dürnbucher_Forst_1,74F3EDC7-525B-49A8-B82E-381651F818BB,2015
142,Dürnbucher_Forst_1,74F3EDC7-525B-49A8-B82E-381651F818BB,2016
143,Dürnbucher_Forst_1,74F3EDC7-525B-49A8-B82E-381651F818BB,2017
144,Dürnbucher_Forst_1,74F3EDC7-525B-49A8-B82E-381651F818BB,2018
145,Dürnbucher_Forst_1,74F3EDC7-525B-49A8-B82E-381651F818BB,2019
146,Dürnbucher_Forst_1,2B47D800-006D-4D08-AEE9-2CF89A009FEA,2020
147,Dürnbucher_Forst_1,2B47D800-006D-4D08-AEE9-2CF89A009FEA,2021
148,Dürnbucher_Forst_2,C814BA90-6F33-46F6-832D-E72D3B560985,2015
149,Dürnbucher_Forst_2,C814BA90-6F33-46F6-832D-E72D3B560985,2016
150,Dürnbucher_Forst_2,C814BA90-6F33-46F6-832D-E72D3B560985,2017
151,Dürnbucher_Forst_2,C814BA90-6F33-46F6-832D-E72D3B560985,2018
152,Dürnbucher_Forst_2,C814BA90-6F33-46F6-832D-E72D3B560985,2019
153,Dürnbucher_Forst_2,DE410D35-A44D-4313-803B-418ECD9E2734,2020
154,Dürnbucher_Forst_2,DE410D35-A44D-4313-803B-418ECD9E2734,2021
155,Ederheim_1,635C899C-EE2E-451A-B388-B9F18F0152DE,2015
156,Ederheim_1,635C899C-EE2E-451A-B388-B9F18F0152DE,2016
157,Ederheim_1,635C899C-EE2E-451A-B388-B9F18F0152DE,2017
158,Ederheim_1,635C899C-EE2E-451A-B388-B9F18F0152DE,2018
159,Ederheim_1,635C899C-EE2E-451A-B388-B9F18F0152DE,2019
160,Ederheim_1,635C899C-EE2E-451A-B388-B9F18F0152DE,2020
161,Ederheim_1,635C899C-EE2E-451A-B388-B9F18F0152DE,2021
162,Ederheim_2,67376B38-CE82-4657-B014-6AB106DE1782,2015
163,Ederheim_2,67376B38-CE82-4657-B014-6AB106DE1782,2016
164,Ederheim_2,67376B38-CE82-4657-B014-6AB106DE1782,2017
165,Ederheim_2,67376B38-CE82-4657-B014-6AB106DE1782,2018
166,Ederheim_2,67376B38-CE82-4657-B014-6AB106DE1782,2019
167,Ederheim_2,67376B38-CE82-4657-B014-6AB106DE1782,2020
168,Ederheim_2,67376B38-CE82-4657-B014-6AB106DE1782,2021
169,Eschenbach_i.d.OPf._1,FE168412-8843-430C-8F75-241E3D0733D8,2015
170,Eschenbach_i.d.OPf._1,FE168412-8843-430C-8F75-241E3D0733D8,2016
171,Eschenbach_i.d.OPf._1,FE168412-8843-430C-8F75-241E3D0733D8,2017
172,Eschenbach_i.d.OPf._1,FE168412-8843-430C-8F75-241E3D0733D8,2018
173,Eschenbach_i.d.OPf._1,FE168412-8843-430C-8F75-241E3D0733D8,2019
174,Eschenbach_i.d.OPf._1,FE168412-8843-430C-8F75-241E3D0733D8,2020
175,Eschenbach_i.d.OPf._1,FE168412-8843-430C-8F75-241E3D0733D8,2021
176,Eschenbach_i.d.OPf._2,A2F288E5-0FCA-40E0-803C-3040187FF50A,2015
177,Eschenbach_i.d.OPf._2,A2F288E5-0FCA-40E0-803C-3040187FF50A,2016
178,Eschenbach_i.d.OPf._2,A2F288E5-0FCA-40E0-803C-3040187FF50A,2017
179,Eschenbach_i.d.OPf._2,A2F288E5-0FCA-40E0-803C-3040187FF50A,2018
180,Eschenbach_i.d.OPf._2,7204332B-8441-41D8-98D3-92E4EDD1D0D6,2019
181,Eschenbach_i.d.OPf._2,7204332B-8441-41D8-98D3-92E4EDD1D0D6,2020
182,Eschenbach_i.d.OPf._2,7204332B-8441-41D8-98D3-92E4EDD1D0D6,2021
183,Falkenstein_1,82138B44-755A-49AE-B47C-6FE8CDD02932,2015
184,Falkenstein_1,0E5AAFC9-1D60-4279-9C00-2652D0475680,2016
185,Falkenstein_1,0E5AAFC9-1D60-4279-9C00-2652D0475680,2017
186,Falkenstein_1,0E5AAFC9-1D60-4279-9C00-2652D0475680,2018
187,Falkenstein_1,65D064C2-F793-457D-A174-1A7B65A3C2E4,2019
188,Falkenstein_1,54A83584-7553-4967-972D-AF1D40EEE11D,2020
189,Falkenstein_1,54A83584-7553-4967-972D-AF1D40EEE11D,2021
190,Falkenstein_2,662BE2F4-F74F-42FB-815F-22A0751D0797,2015
191,Falkenstein_2,662BE2F4-F74F-42FB-815F-22A0751D0797,2016
192,Falkenstein_2,662BE2F4-F74F-42FB-815F-22A0751D0797,2017
193,Falkenstein_2,662BE2F4-F74F-42FB-815F-22A0751D0797,2018
194,Falkenstein_2,662BE2F4-F74F-42FB-815F-22A0751D0797,2019
195,Falkenstein_2,662BE2F4-F74F-42FB-815F-22A0751D0797,2020
196,Falkenstein_2,662BE2F4-F74F-42FB-815F-22A0751D0797,2021
197,Forchheim_1,43D65FCA-03E8-451C-BCD2-08980DE1DDED,2015
198,Forchheim_1,43D65FCA-03E8-451C-BCD2-08980DE1DDED,2016
199,Forchheim_1,43D65FCA-03E8-451C-BCD2-08980DE1DDED,2017
200,Forchheim_1,43D65FCA-03E8-451C-BCD2-08980DE1DDED,2018
201,Forchheim_1,FB2E4202-0FF6-42C3-A34B-EA64AFD6ADE7,2019
202,Forchheim_1,487F8ACD-952A-47F6-B5D0-C2EE80CEE3F1,2020
203,Forchheim_1,487F8ACD-952A-47F6-B5D0-C2EE80CEE3F1,2021
204,Forchheim_2,5909C0D8-C285-4DED-8C1E-6575C1F8040E,2015
205,Forchheim_2,5909C0D8-C285-4DED-8C1E-6575C1F8040E,2016
206,Forchheim_2,5909C0D8-C285-4DED-8C1E-6575C1F8040E,2017
207,Forchheim_2,5909C0D8-C285-4DED-8C1E-6575C1F8040E,2018
208,Forchheim_2,137D1D43-536E-4C84-9F17-6CA5DDD67CF4,2019
209,Forchheim_2,99E47334-A025-475D-9CEF-593E0FA950AF,2020
210,Forchheim_2,99E47334-A025-475D-9CEF-593E0FA950AF,2021
211,Forst_Aura_1,084F503C-C200-48F9-AF0D-69BED44A76CC,2015
212,Forst_Aura_1,084F503C-C200-48F9-AF0D-69BED44A76CC,2016
213,Forst_Aura_1,084F503C-C200-48F9-AF0D-69BED44A76CC,2017
214,Forst_Aura_1,084F503C-C200-48F9-AF0D-69BED44A76CC,2018
215,Forst_Aura_1,73C6F7D5-959A-4993-899D-C0D8C58CD111,2019
216,Forst_Aura_1,6CBA473C-AABF-44FE-8A46-43EE62F86110,2020
217,Forst_Aura_1,6CBA473C-AABF-44FE-8A46-43EE62F86110,2021
218,Forst_Aura_2,F65C1F6A-876D-4317-9070-805AF55878C5,2015
219,Forst_Aura_2,F65C1F6A-876D-4317-9070-805AF55878C5,2016
220,Forst_Aura_2,F65C1F6A-876D-4317-9070-805AF55878C5,2017
221,Forst_Aura_2,F65C1F6A-876D-4317-9070-805AF55878C5,2018
222,Forst_Aura_2,F65C1F6A-876D-4317-9070-805AF55878C5,2019
223,Forst_Aura_2,20F5A59D-ACE9-49F6-B569-985EA3CAAABE,2020
224,Forst_Aura_2,20F5A59D-ACE9-49F6-B569-985EA3CAAABE,2021
225,Friedberg_1,8BA51165-033B-4DE1-A0ED-088FEBA7E464,2015
226,Friedberg_1,8BA51165-033B-4DE1-A0ED-088FEBA7E464,2016
227,Friedberg_1,8BA51165-033B-4DE1-A0ED-088FEBA7E464,2017
228,Friedberg_1,8BA51165-033B-4DE1-A0ED-088FEBA7E464,2018
229,Friedberg_1,8BA51165-033B-4DE1-A0ED-088FEBA7E464,2019
230,Friedberg_1,8BA51165-033B-4DE1-A0ED-088FEBA7E464,2020
231,Friedberg_1,8BA51165-033B-4DE1-A0ED-088FEBA7E464,2021
232,Friedberg_2,192A0841-4A38-42F0-B2D6-5017CD0D5E41,2015
233,Friedberg_2,192A0841-4A38-42F0-B2D6-5017CD0D5E41,2016
234,Friedberg_2,192A0841-4A38-42F0-B2D6-5017CD0D5E41,2017
235,Friedberg_2,192A0841-4A38-42F0-B2D6-5017CD0D5E41,2018
236,Friedberg_2,8041C2CF-95D2-4A3A-81B1-CB155F8CA3E5,2019
237,Friedberg_2,8041C2CF-95D2-4A3A-81B1-CB155F8CA3E5,2020
238,Friedberg_2,8041C2CF-95D2-4A3A-81B1-CB155F8CA3E5,2021
239,Gaimersheim_1,43985854-D984-4588-9663-7F82BF98FB20,2015
240,Gaimersheim_1,43985854-D984-4588-9663-7F82BF98FB20,2016
241,Gaimersheim_1,43985854-D984-4588-9663-7F82BF98FB20,2017
242,Gaimersheim_1,43985854-D984-4588-9663-7F82BF98FB20,2018
243,Gaimersheim_1,24B8B29D-3BBC-402C-A706-534CB2825822,2019
244,Gaimersheim_1,D25377E1-B43C-4C88-996C-83CCACF6F724,2020
245,Gaimersheim_1,D25377E1-B43C-4C88-996C-83CCACF6F724,2021
246,Gaimersheim_2,0FA964AA-78A0-4C17-829E-B16A9E7466F7,2015
247,Gaimersheim_2,0FA964AA-78A0-4C17-829E-B16A9E7466F7,2016
248,Gaimersheim_2,0FA964AA-78A0-4C17-829E-B16A9E7466F7,2017
249,Gaimersheim_2,0FA964AA-78A0-4C17-829E-B16A9E7466F7,2018
250,Gaimersheim_2,0FA964AA-78A0-4C17-829E-B16A9E7466F7,2019
251,Gaimersheim_2,0FA964AA-78A0-4C17-829E-B16A9E7466F7,2020
252,Gaimersheim_2,0FA964AA-78A0-4C17-829E-B16A9E7466F7,2021
253,Gangkofen_1,E23DBD8B-53FD-40D1-B907-4ED031A60136,2015
254,Gangkofen_1,E23DBD8B-53FD-40D1-B907-4ED031A60136,2016
255,Gangkofen_1,E23DBD8B-53FD-40D1-B907-4ED031A60136,2017
256,Gangkofen_1,E23DBD8B-53FD-40D1-B907-4ED031A60136,2018
257,Gangkofen_1,D916DB61-3DBB-48D5-8DC6-77763A0E49F8,2019
258,Gangkofen_1,8074F572-AF14-465D-ACD8-95F1CF943736,2020
259,Gangkofen_1,8074F572-AF14-465D-ACD8-95F1CF943736,2021
260,Gangkofen_2,3EC3B82E-8359-47D5-9E25-471DE274FA61,2015
261,Gangkofen_2,3EC3B82E-8359-47D5-9E25-471DE274FA61,2016
262,Gangkofen_2,3EC3B82E-8359-47D5-9E25-471DE274FA61,2017
263,Gangkofen_2,3EC3B82E-8359-47D5-9E25-471DE274FA61,2018
264,Gangkofen_2,3EC3B82E-8359-47D5-9E25-471DE274FA61,2019
265,Gangkofen_2,8D1AE7B3-D501-436B-8C8F-E909057FA96E,2020
266,Gangkofen_2,8D1AE7B3-D501-436B-8C8F-E909057FA96E,2021
267,Gauting_1,820BB15F-CB94-4B05-BACC-211CF240FFFF,2015
268,Gauting_1,820BB15F-CB94-4B05-BACC-211CF240FFFF,2016
269,Gauting_1,820BB15F-CB94-4B05-BACC-211CF240FFFF,2017
270,Gauting_1,820BB15F-CB94-4B05-BACC-211CF240FFFF,2018
271,Gauting_1,820BB15F-CB94-4B05-BACC-211CF240FFFF,2019
272,Gauting_1,981D27A2-856D-46D4-8AE9-40308132286A,2020
273,Gauting_1,981D27A2-856D-46D4-8AE9-40308132286A,2021
274,Gauting_2,0A15799F-B41C-4A7E-80F2-911FA38DE64F,2015
275,Gauting_2,0A15799F-B41C-4A7E-80F2-911FA38DE64F,2016
276,Gauting_2,0A15799F-B41C-4A7E-80F2-911FA38DE64F,2017
277,Gauting_2,0A15799F-B41C-4A7E-80F2-911FA38DE64F,2018
278,Gauting_2,0A15799F-B41C-4A7E-80F2-911FA38DE64F,2019
279,Gauting_2,23952D91-81C8-4B15-9A23-4759BEBC4651,2020
280,Gauting_2,23952D91-81C8-4B15-9A23-4759BEBC4651,2021
281,Geiersnest-Ost_1,A7B308CE-5FDB-475E-BB1A-3BA499750552,2015
282,Geiersnest-Ost_1,67BDDBDC-867D-4B67-9DFA-D6C4098A298A,2016
283,Geiersnest-Ost_1,67BDDBDC-867D-4B67-9DFA-D6C4098A298A,2017
284,Geiersnest-Ost_1,67BDDBDC-867D-4B67-9DFA-D6C4098A298A,2018
285,Geiersnest-Ost_1,67BDDBDC-867D-4B67-9DFA-D6C4098A298A,2019
286,Geiersnest-Ost_1,67BDDBDC-867D-4B67-9DFA-D6C4098A298A,2020
287,Geiersnest-Ost_1,67BDDBDC-867D-4B67-9DFA-D6C4098A298A,2021
288,Geiersnest-Ost_2,78AD63C7-388B-47F4-B000-7126DCDAA468,2015
289,Geiersnest-Ost_2,1F27A981-25A8-48B2-8F8B-2B571A74480B,2016
290,Geiersnest-Ost_2,1F27A981-25A8-48B2-8F8B-2B571A74480B,2017
291,Geiersnest-Ost_2,1F27A981-25A8-48B2-8F8B-2B571A74480B,2018
292,Geiersnest-Ost_2,1F27A981-25A8-48B2-8F8B-2B571A74480B,2019
293,Geiersnest-Ost_2,1F27A981-25A8-48B2-8F8B-2B571A74480B,2020
294,Geiersnest-Ost_2,1F27A981-25A8-48B2-8F8B-2B571A74480B,2021
295,Geisenhausen_1,B386CC86-5F89-4AC5-8D2B-A5F8543AB2EC,2015
296,Geisenhausen_1,B386CC86-5F89-4AC5-8D2B-A5F8543AB2EC,2016
297,Geisenhausen_1,B386CC86-5F89-4AC5-8D2B-A5F8543AB2EC,2017
298,Geisenhausen_1,B386CC86-5F89-4AC5-8D2B-A5F8543AB2EC,2018
299,Geisenhausen_1,B386CC86-5F89-4AC5-8D2B-A5F8543AB2EC,2019
300,Geisenhausen_1,B386CC86-5F89-4AC5-8D2B-A5F8543AB2EC,2020
301,Geisenhausen_1,B386CC86-5F89-4AC5-8D2B-A5F8543AB2EC,2021
302,Geisenhausen_2,268C0636-F0E5-4516-8B0A-2BE752C74F05,2015
303,Geisenhausen_2,268C0636-F0E5-4516-8B0A-2BE752C74F05,2016
304,Geisenhausen_2,268C0636-F0E5-4516-8B0A-2BE752C74F05,2017
305,Geisenhausen_2,268C0636-F0E5-4516-8B0A-2BE752C74F05,2018
306,Geisenhausen_2,268C0636-F0E5-4516-8B0A-2BE752C74F05,2019
307,Geisenhausen_2,268C0636-F0E5-4516-8B0A-2BE752C74F05,2020
308,Geisenhausen_2,268C0636-F0E5-4516-8B0A-2BE752C74F05,2021
309,Glashüttener_Forst_1,FDED0EBA-3A1E-4065-A0D9-684CFEAE44ED,2015
310,Glashüttener_Forst_1,C9C7F9FB-CA5C-40DB-B3B7-4E8AC79262C0,2016
311,Glashüttener_Forst_1,C9C7F9FB-CA5C-40DB-B3B7-4E8AC79262C0,2017
312,Glashüttener_Forst_1,C9C7F9FB-CA5C-40DB-B3B7-4E8AC79262C0,2018
313,Glashüttener_Forst_1,C9C7F9FB-CA5C-40DB-B3B7-4E8AC79262C0,2019
314,Glashüttener_Forst_1,C9C7F9FB-CA5C-40DB-B3B7-4E8AC79262C0,2020
315,Glashüttener_Forst_1,C9C7F9FB-CA5C-40DB-B3B7-4E8AC79262C0,2021
316,Glashüttener_Forst_2,0735A046-EF9C-4F44-B83F-DFD5194FAEFD,2015
317,Glashüttener_Forst_2,00D798B0-9DD3-4AA3-BBAF-9B0765C09FF8,2016
318,Glashüttener_Forst_2,00D798B0-9DD3-4AA3-BBAF-9B0765C09FF8,2017
319,Glashüttener_Forst_2,00D798B0-9DD3-4AA3-BBAF-9B0765C09FF8,2018
320,Glashüttener_Forst_2,00D798B0-9DD3-4AA3-BBAF-9B0765C09FF8,2019
321,Glashüttener_Forst_2,00D798B0-9DD3-4AA3-BBAF-9B0765C09FF8,2020
322,Glashüttener_Forst_2,00D798B0-9DD3-4AA3-BBAF-9B0765C09FF8,2021
323,Gramschatzer_Wald_1,BBB68992-B08B-411F-BC03-5C604E6E0838,2015
324,Gramschatzer_Wald_1,BBB68992-B08B-411F-BC03-5C604E6E0838,2016
325,Gramschatzer_Wald_1,BBB68992-B08B-411F-BC03-5C604E6E0838,2017
326,Gramschatzer_Wald_1,BBB68992-B08B-411F-BC03-5C604E6E0838,2018
327,Gramschatzer_Wald_1,BBB68992-B08B-411F-BC03-5C604E6E0838,2019
328,Gramschatzer_Wald_1,BBB68992-B08B-411F-BC03-5C604E6E0838,2020
329,Gramschatzer_Wald_1,BBB68992-B08B-411F-BC03-5C604E6E0838,2021
330,Gramschatzer_Wald_2,C93843BE-AD20-4A88-849C-8D4F749B716E,2015
331,Gramschatzer_Wald_2,C93843BE-AD20-4A88-849C-8D4F749B716E,2016
332,Gramschatzer_Wald_2,C93843BE-AD20-4A88-849C-8D4F749B716E,2017
333,Gramschatzer_Wald_2,C93843BE-AD20-4A88-849C-8D4F749B716E,2018
334,Gramschatzer_Wald_2,C93843BE-AD20-4A88-849C-8D4F749B716E,2019
335,Gramschatzer_Wald_2,C93843BE-AD20-4A88-849C-8D4F749B716E,2020
336,Gramschatzer_Wald_2,C93843BE-AD20-4A88-849C-8D4F749B716E,2021
337,Heidenheim_1,C20AF3FC-8E02-47FD-B3A3-2673C09CD568,2015
338,Heidenheim_1,C20AF3FC-8E02-47FD-B3A3-2673C09CD568,2016
339,Heidenheim_1,C20AF3FC-8E02-47FD-B3A3-2673C09CD568,2017
340,Heidenheim_1,C20AF3FC-8E02-47FD-B3A3-2673C09CD568,2018
341,Heidenheim_1,187E6EEC-C8BD-46DE-9922-F0552EFD2DAE,2019
342,Heidenheim_1,FA18BC39-0D82-45B4-AC11-5D37470E0BDB,2020
343,Heidenheim_1,FA18BC39-0D82-45B4-AC11-5D37470E0BDB,2021
344,Heidenheim_2,9E4C37AF-2F20-4005-A55B-4C83DAA9D266,2015
345,Heidenheim_2,9E4C37AF-2F20-4005-A55B-4C83DAA9D266,2016
346,Heidenheim_2,9E4C37AF-2F20-4005-A55B-4C83DAA9D266,2017
347,Heidenheim_2,9E4C37AF-2F20-4005-A55B-4C83DAA9D266,2018
348,Heidenheim_2,74E3A002-8D9A-4123-9D20-29625B50392F,2019
349,Heidenheim_2,D64A9360-CCC8-40AA-992C-0C085C8A907C,2020
350,Heidenheim_2,D64A9360-CCC8-40AA-992C-0C085C8A907C,2021
351,Heinrichsthaler_Forst_1,9DDA78A2-3B6B-48E8-BFB0-F34C3019F9FF,2015
352,Heinrichsthaler_Forst_1,9DDA78A2-3B6B-48E8-BFB0-F34C3019F9FF,2016
353,Heinrichsthaler_Forst_1,9DDA78A2-3B6B-48E8-BFB0-F34C3019F9FF,2017
354,Heinrichsthaler_Forst_1,9DDA78A2-3B6B-48E8-BFB0-F34C3019F9FF,2018
355,Heinrichsthaler_Forst_1,9DDA78A2-3B6B-48E8-BFB0-F34C3019F9FF,2019
356,Heinrichsthaler_Forst_1,9DDA78A2-3B6B-48E8-BFB0-F34C3019F9FF,2020
357,Heinrichsthaler_Forst_1,9DDA78A2-3B6B-48E8-BFB0-F34C3019F9FF,2021
358,Heinrichsthaler_Forst_2,544A3F9D-CA4D-4F42-BFF7-BCD7C33847C1,2015
359,Heinrichsthaler_Forst_2,544A3F9D-CA4D-4F42-BFF7-BCD7C33847C1,2016
360,Heinrichsthaler_Forst_2,544A3F9D-CA4D-4F42-BFF7-BCD7C33847C1,2017
361,Heinrichsthaler_Forst_2,544A3F9D-CA4D-4F42-BFF7-BCD7C33847C1,2018
362,Heinrichsthaler_Forst_2,544A3F9D-CA4D-4F42-BFF7-BCD7C33847C1,2019
363,Heinrichsthaler_Forst_2,544A3F9D-CA4D-4F42-BFF7-BCD7C33847C1,2020
364,Heinrichsthaler_Forst_2,544A3F9D-CA4D-4F42-BFF7-BCD7C33847C1,2021
365,Hemau_1,1A2AFFD6-2FE4-401D-BE45-2011F98317E3,2015
366,Hemau_1,1A2AFFD6-2FE4-401D-BE45-2011F98317E3,2016
367,Hemau_1,1A2AFFD6-2FE4-401D-BE45-2011F98317E3,2017
368,Hemau_1,1A2AFFD6-2FE4-401D-BE45-2011F98317E3,2018
369,Hemau_1,0B3A9605-9183-4B9B-9BFF-C19EE622409C,2019
370,Hemau_1,FE1F587A-EBB8-4C2F-960A-E2616104F40B,2020
371,Hemau_1,FE1F587A-EBB8-4C2F-960A-E2616104F40B,2021
372,Hemau_2,64B35022-D325-40FF-894F-77F565ADA5F4,2015
373,Hemau_2,64B35022-D325-40FF-894F-77F565ADA5F4,2016
374,Hemau_2,64B35022-D325-40FF-894F-77F565ADA5F4,2017
375,Hemau_2,64B35022-D325-40FF-894F-77F565ADA5F4,2018
376,Hemau_2,64B35022-D325-40FF-894F-77F565ADA5F4,2019
377,Hemau_2,D1E33462-2EAF-4B17-8E78-5DFAE1612C9D,2020
378,Hemau_2,D1E33462-2EAF-4B17-8E78-5DFAE1612C9D,2021
379,Hergensweiler_1,4454B9E7-7CE2-458D-A2B1-F525C2469777,2015
380,Hergensweiler_1,4454B9E7-7CE2-458D-A2B1-F525C2469777,2016
381,Hergensweiler_1,4454B9E7-7CE2-458D-A2B1-F525C2469777,2017
382,Hergensweiler_1,4454B9E7-7CE2-458D-A2B1-F525C2469777,2018
383,Hergensweiler_1,4454B9E7-7CE2-458D-A2B1-F525C2469777,2019
384,Hergensweiler_1,4454B9E7-7CE2-458D-A2B1-F525C2469777,2020
385,Hergensweiler_1,4454B9E7-7CE2-458D-A2B1-F525C2469777,2021
386,Hergensweiler_2,F588796B-18E0-466E-935C-1FA3592F5A31,2015
387,Hergensweiler_2,F588796B-18E0-466E-935C-1FA3592F5A31,2016
388,Hergensweiler_2,F588796B-18E0-466E-935C-1FA3592F5A31,2017
389,Hergensweiler_2,F588796B-18E0-466E-935C-1FA3592F5A31,2018
390,Hergensweiler_2,F588796B-18E0-466E-935C-1FA3592F5A31,2019
391,Hergensweiler_2,F588796B-18E0-466E-935C-1FA3592F5A31,2020
392,Hergensweiler_2,F588796B-18E0-466E-935C-1FA3592F5A31,2021
393,Herrieden_1,DB35CE45-6461-4621-838B-26681187E988,2015
394,Herrieden_1,DB35CE45-6461-4621-838B-26681187E988,2016
395,Herrieden_1,DB35CE45-6461-4621-838B-26681187E988,2017
396,Herrieden_1,DB35CE45-6461-4621-838B-26681187E988,2018
397,Herrieden_1,DB35CE45-6461-4621-838B-26681187E988,2019
398,Herrieden_1,DC7358D3-49BA-4611-92C7-9525C5BF0E16,2020
399,Herrieden_1,DC7358D3-49BA-4611-92C7-9525C5BF0E16,2021
400,Herrieden_2,1AA2C9C5-1139-43E4-BEDE-74286D2649A0,2015
401,Herrieden_2,1AA2C9C5-1139-43E4-BEDE-74286D2649A0,2016
402,Herrieden_2,1AA2C9C5-1139-43E4-BEDE-74286D2649A0,2017
403,Herrieden_2,1AA2C9C5-1139-43E4-BEDE-74286D2649A0,2018
404,Herrieden_2,1AA2C9C5-1139-43E4-BEDE-74286D2649A0,2019
405,Herrieden_2,171CF5CD-3289-4484-AF64-B6E33148D7CC,2020
406,Herrieden_2,171CF5CD-3289-4484-AF64-B6E33148D7CC,2021
407,Hohenthann_1,A79D616D-40F3-4F2E-881D-0B1300155E56,2015
408,Hohenthann_1,A79D616D-40F3-4F2E-881D-0B1300155E56,2016
409,Hohenthann_1,A79D616D-40F3-4F2E-881D-0B1300155E56,2017
410,Hohenthann_1,A79D616D-40F3-4F2E-881D-0B1300155E56,2018
411,Hohenthann_1,A79D616D-40F3-4F2E-881D-0B1300155E56,2019
412,Hohenthann_1,0A11190E-3C58-4395-BFF4-5DBDD4C12FA2,2020
413,Hohenthann_1,0A11190E-3C58-4395-BFF4-5DBDD4C12FA2,2021
414,Hohenthann_2,F27C3197-8092-4AF9-9B6F-A7911614DE60,2015
415,Hohenthann_2,F27C3197-8092-4AF9-9B6F-A7911614DE60,2016
416,Hohenthann_2,F27C3197-8092-4AF9-9B6F-A7911614DE60,2017
417,Hohenthann_2,B533A0A3-C522-4D91-8C2A-03F348B4A165,2018
418,Hohenthann_2,B533A0A3-C522-4D91-8C2A-03F348B4A165,2019
419,Hohenthann_2,0F63976E-65E7-4605-B2F9-00D4CED571DB,2020
420,Hohenthann_2,0F63976E-65E7-4605-B2F9-00D4CED571DB,2021
421,Igling_1,FE57383B-3769-408C-B6F6-05E12EAF146F,2015
422,Igling_1,FE57383B-3769-408C-B6F6-05E12EAF146F,2016
423,Igling_1,FE57383B-3769-408C-B6F6-05E12EAF146F,2017
424,Igling_1,FE57383B-3769-408C-B6F6-05E12EAF146F,2018
425,Igling_1,43DA9F21-67E2-4B80-8379-26AD6A6651E0,2019
426,Igling_1,7A1A38D5-DA82-4F61-AC3A-E47E4397A716,2020
427,Igling_1,7A1A38D5-DA82-4F61-AC3A-E47E4397A716,2021
428,Igling_2,5924D75C-C165-4551-A14E-C370444E5B9D,2015
429,Igling_2,5924D75C-C165-4551-A14E-C370444E5B9D,2016
430,Igling_2,5924D75C-C165-4551-A14E-C370444E5B9D,2017
431,Igling_2,5924D75C-C165-4551-A14E-C370444E5B9D,2018
432,Igling_2,5924D75C-C165-4551-A14E-C370444E5B9D,2019
433,Igling_2,ECB053F9-499F-4A99-871B-7B5AB7F09954,2020
434,Igling_2,ECB053F9-499F-4A99-871B-7B5AB7F09954,2021
435,Ipsheim_1,A0BECC24-8194-42A0-914A-8DD7443F4919,2015
436,Ipsheim_1,A0BECC24-8194-42A0-914A-8DD7443F4919,2016
437,Ipsheim_1,A0BECC24-8194-42A0-914A-8DD7443F4919,2017
438,Ipsheim_1,A0BECC24-8194-42A0-914A-8DD7443F4919,2018
439,Ipsheim_1,3E789721-2EB2-427E-83BA-8EFF99CEDA7F,2019
440,Ipsheim_1,F3E9D14C-52F8-4070-9CA6-6E391ADA2C7F,2020
441,Ipsheim_1,F3E9D14C-52F8-4070-9CA6-6E391ADA2C7F,2021
442,Ipsheim_2,4E84ADCB-CAD2-4B7C-A081-B4F412F64BB8,2015
443,Ipsheim_2,4E84ADCB-CAD2-4B7C-A081-B4F412F64BB8,2016
444,Ipsheim_2,4E84ADCB-CAD2-4B7C-A081-B4F412F64BB8,2017
445,Ipsheim_2,4E84ADCB-CAD2-4B7C-A081-B4F412F64BB8,2018
446,Ipsheim_2,F2607872-9BAB-42B6-9259-34DD492BD0B0,2019
447,Ipsheim_2,43D52A3D-15F5-447C-A4C3-F05751F9B0BF,2020
448,Ipsheim_2,43D52A3D-15F5-447C-A4C3-F05751F9B0BF,2021
449,Irsee_1,78739B83-5A45-42EE-A1E7-706DF273F7AF,2015
450,Irsee_1,78739B83-5A45-42EE-A1E7-706DF273F7AF,2016
451,Irsee_1,78739B83-5A45-42EE-A1E7-706DF273F7AF,2017
452,Irsee_1,78739B83-5A45-42EE-A1E7-706DF273F7AF,2018
453,Irsee_1,78739B83-5A45-42EE-A1E7-706DF273F7AF,2019
454,Irsee_1,13C462EE-B2FF-4915-AE56-0C588E205EDC,2020
455,Irsee_1,13C462EE-B2FF-4915-AE56-0C588E205EDC,2021
456,Irsee_2,4DB5C657-B76F-4D5D-9F8E-A12BB3222A73,2015
457,Irsee_2,4DB5C657-B76F-4D5D-9F8E-A12BB3222A73,2016
458,Irsee_2,4DB5C657-B76F-4D5D-9F8E-A12BB3222A73,2017
459,Irsee_2,4DB5C657-B76F-4D5D-9F8E-A12BB3222A73,2018
460,Irsee_2,4DB5C657-B76F-4D5D-9F8E-A12BB3222A73,2019
461,Irsee_2,69E177F3-DA68-40AF-A600-07819F87579F,2020
462,Irsee_2,69E177F3-DA68-40AF-A600-07819F87579F,2021
463,Kastl_1,27315615-80D8-4A46-8237-61BD30F2D7B5,2015
464,Kastl_1,27315615-80D8-4A46-8237-61BD30F2D7B5,2016
465,Kastl_1,61148735-18F1-4CD7-9A23-756107EBA3F4,2017
466,Kastl_1,61148735-18F1-4CD7-9A23-756107EBA3F4,2018
467,Kastl_1,61148735-18F1-4CD7-9A23-756107EBA3F4,2019
468,Kastl_1,61148735-18F1-4CD7-9A23-756107EBA3F4,2020
469,Kastl_1,61148735-18F1-4CD7-9A23-756107EBA3F4,2021
470,Kastl_2,93286F11-7A34-438F-AA6A-6241583E8E6A,2015
471,Kastl_2,93286F11-7A34-438F-AA6A-6241583E8E6A,2016
472,Kastl_2,E6587059-D057-4B3D-A115-BF4E75511C2B,2017
473,Kastl_2,E6587059-D057-4B3D-A115-BF4E75511C2B,2018
474,Kastl_2,D07C1DDF-1AF4-4BCE-AD2B-75A02BA27FD7,2019
475,Kastl_2,D07C1DDF-1AF4-4BCE-AD2B-75A02BA27FD7,2020
476,Kastl_2,D07C1DDF-1AF4-4BCE-AD2B-75A02BA27FD7,2021
477,Kreuther_Forst_1,C7D6C766-95AD-4295-9E6B-38D2000D6F7A,2015
478,Kreuther_Forst_1,C7D6C766-95AD-4295-9E6B-38D2000D6F7A,2016
479,Kreuther_Forst_1,C7D6C766-95AD-4295-9E6B-38D2000D6F7A,2017
480,Kreuther_Forst_1,C7D6C766-95AD-4295-9E6B-38D2000D6F7A,2018
481,Kreuther_Forst_1,C7D6C766-95AD-4295-9E6B-38D2000D6F7A,2019
482,Kreuther_Forst_1,C7D6C766-95AD-4295-9E6B-38D2000D6F7A,2020
483,Kreuther_Forst_1,C7D6C766-95AD-4295-9E6B-38D2000D6F7A,2021
484,Kreuther_Forst_2,CC627A13-F997-4D12-AB1B-6208D8D17661,2015
485,Kreuther_Forst_2,CC627A13-F997-4D12-AB1B-6208D8D17661,2016
486,Kreuther_Forst_2,CC627A13-F997-4D12-AB1B-6208D8D17661,2017
487,Kreuther_Forst_2,CC627A13-F997-4D12-AB1B-6208D8D17661,2018
488,Kreuther_Forst_2,CC627A13-F997-4D12-AB1B-6208D8D17661,2019
489,Kreuther_Forst_2,CC627A13-F997-4D12-AB1B-6208D8D17661,2020
490,Kreuther_Forst_2,CC627A13-F997-4D12-AB1B-6208D8D17661,2021
491,Kronach_1,B15C2C48-1087-4B40-87D4-5A9672406FEB,2015
492,Kronach_1,B15C2C48-1087-4B40-87D4-5A9672406FEB,2016
493,Kronach_1,B15C2C48-1087-4B40-87D4-5A9672406FEB,2017
494,Kronach_1,B15C2C48-1087-4B40-87D4-5A9672406FEB,2018
495,Kronach_1,B15C2C48-1087-4B40-87D4-5A9672406FEB,2019
496,Kronach_1,3145C0E0-DDAF-4556-BD2C-6B904750E701,2020
497,Kronach_1,3145C0E0-DDAF-4556-BD2C-6B904750E701,2021
498,Kronach_2,7E141D74-306E-4666-8D95-557869BA56EB,2015
499,Kronach_2,7E141D74-306E-4666-8D95-557869BA56EB,2016
500,Kronach_2,7E141D74-306E-4666-8D95-557869BA56EB,2017
501,Kronach_2,7E141D74-306E-4666-8D95-557869BA56EB,2018
502,Kronach_2,7E141D74-306E-4666-8D95-557869BA56EB,2019
503,Kronach_2,527ADE55-8AD2-484B-B2BD-760C20CF1E8C,2020
504,Kronach_2,527ADE55-8AD2-484B-B2BD-760C20CF1E8C,2021
505,Lam_1,933E55B3-4FD9-4754-9240-917E34D5E8B5,2015
506,Lam_1,933E55B3-4FD9-4754-9240-917E34D5E8B5,2016
507,Lam_1,933E55B3-4FD9-4754-9240-917E34D5E8B5,2017
508,Lam_1,933E55B3-4FD9-4754-9240-917E34D5E8B5,2018
509,Lam_1,933E55B3-4FD9-4754-9240-917E34D5E8B5,2019
510,Lam_1,933E55B3-4FD9-4754-9240-917E34D5E8B5,2020
511,Lam_1,933E55B3-4FD9-4754-9240-917E34D5E8B5,2021
512,Lam_2,7D1B5D66-EB63-44FA-A396-53309BDFB0E7,2015
513,Lam_2,A5FFD1BD-F26A-4A23-8710-52FE27FA0EAD,2016
514,Lam_2,A5FFD1BD-F26A-4A23-8710-52FE27FA0EAD,2017
515,Lam_2,A5FFD1BD-F26A-4A23-8710-52FE27FA0EAD,2018
516,Lam_2,A5FFD1BD-F26A-4A23-8710-52FE27FA0EAD,2019
517,Lam_2,A1E046E4-3697-4691-9569-A96E50ACC623,2020
518,Lam_2,A1E046E4-3697-4691-9569-A96E50ACC623,2021
519,Ludwigsstadt_1,6B9E8ADD-EA1F-4B68-922D-C610F20E4576,2015
520,Ludwigsstadt_1,6B9E8ADD-EA1F-4B68-922D-C610F20E4576,2016
521,Ludwigsstadt_1,6B9E8ADD-EA1F-4B68-922D-C610F20E4576,2017
522,Ludwigsstadt_1,6B9E8ADD-EA1F-4B68-922D-C610F20E4576,2018
523,Ludwigsstadt_1,6B9E8ADD-EA1F-4B68-922D-C610F20E4576,2019
524,Ludwigsstadt_1,6B9E8ADD-EA1F-4B68-922D-C610F20E4576,2020
525,Ludwigsstadt_1,6B9E8ADD-EA1F-4B68-922D-C610F20E4576,2021
526,Ludwigsstadt_2,2437E20B-2831-4558-A2D7-3EFB18AE5DFE,2015
527,Ludwigsstadt_2,2437E20B-2831-4558-A2D7-3EFB18AE5DFE,2016
528,Ludwigsstadt_2,2437E20B-2831-4558-A2D7-3EFB18AE5DFE,2017
529,Ludwigsstadt_2,2437E20B-2831-4558-A2D7-3EFB18AE5DFE,2018
530,Ludwigsstadt_2,2437E20B-2831-4558-A2D7-3EFB18AE5DFE,2019
531,Ludwigsstadt_2,2437E20B-2831-4558-A2D7-3EFB18AE5DFE,2020
532,Ludwigsstadt_2,2437E20B-2831-4558-A2D7-3EFB18AE5DFE,2021
533,Mammendorf_1,0AC15AF6-26CC-4575-8C8D-EDB6B1D46287,2015
534,Mammendorf_1,F301DD9E-5B81-432A-8E61-D31886621DA6,2016
535,Mammendorf_1,F301DD9E-5B81-432A-8E61-D31886621DA6,2017
536,Mammendorf_1,F301DD9E-5B81-432A-8E61-D31886621DA6,2018
537,Mammendorf_1,F301DD9E-5B81-432A-8E61-D31886621DA6,2019
538,Mammendorf_1,232CC5F8-EF35-4643-AFE6-C655163A2397,2020
539,Mammendorf_1,232CC5F8-EF35-4643-AFE6-C655163A2397,2021
540,Mammendorf_2,32C4D02A-7E69-4258-BEA4-6627AB8E26B7,2015
541,Mammendorf_2,32C4D02A-7E69-4258-BEA4-6627AB8E26B7,2016
542,Mammendorf_2,32C4D02A-7E69-4258-BEA4-6627AB8E26B7,2017
543,Mammendorf_2,32C4D02A-7E69-4258-BEA4-6627AB8E26B7,2018
544,Mammendorf_2,708A54CA-15C5-434E-900D-49F296CFC5D8,2019
545,Mammendorf_2,F13B02C8-C188-4EF6-8C7A-0E1EFFC2472C,2020
546,Mammendorf_2,F13B02C8-C188-4EF6-8C7A-0E1EFFC2472C,2021
547,Markt_Indersdorf_1,398807BF-72C8-4C3C-8436-3A747566C733,2015
548,Markt_Indersdorf_1,398807BF-72C8-4C3C-8436-3A747566C733,2016
549,Markt_Indersdorf_1,398807BF-72C8-4C3C-8436-3A747566C733,2017
550,Markt_Indersdorf_1,398807BF-72C8-4C3C-8436-3A747566C733,2018
551,Markt_Indersdorf_1,398807BF-72C8-4C3C-8436-3A747566C733,2019
552,Markt_Indersdorf_1,95531458-FCC1-4A10-A2B1-8B763FDCA0FC,2020
553,Markt_Indersdorf_1,95531458-FCC1-4A10-A2B1-8B763FDCA0FC,2021
554,Markt_Indersdorf_2,B18FDE79-27B2-4A20-930D-B12D42EEEF91,2015
555,Markt_Indersdorf_2,B18FDE79-27B2-4A20-930D-B12D42EEEF91,2016
556,Markt_Indersdorf_2,B18FDE79-27B2-4A20-930D-B12D42EEEF91,2017
557,Markt_Indersdorf_2,B18FDE79-27B2-4A20-930D-B12D42EEEF91,2018
558,Markt_Indersdorf_2,F57E9CA1-0FA5-4170-B48F-4FF614B44614,2019
559,Markt_Indersdorf_2,4D8B2341-DDE6-4047-B706-64D99E2A4BDF,2020
560,Markt_Indersdorf_2,4D8B2341-DDE6-4047-B706-64D99E2A4BDF,2021
561,Mauther_Forst_1,04A25F86-E691-48A2-B403-0C920F77B539,2015
562,Mauther_Forst_1,04A25F86-E691-48A2-B403-0C920F77B539,2016
563,Mauther_Forst_1,04A25F86-E691-48A2-B403-0C920F77B539,2017
564,Mauther_Forst_1,04A25F86-E691-48A2-B403-0C920F77B539,2018
565,Mauther_Forst_1,04A25F86-E691-48A2-B403-0C920F77B539,2019
566,Mauther_Forst_1,719A25B7-77E4-4D49-8DB7-18432309617F,2020
567,Mauther_Forst_1,719A25B7-77E4-4D49-8DB7-18432309617F,2021
568,Mauther_Forst_2,A094118A-69BB-4399-B11F-B2768C69EA8E,2015
569,Mauther_Forst_2,A094118A-69BB-4399-B11F-B2768C69EA8E,2016
570,Mauther_Forst_2,A094118A-69BB-4399-B11F-B2768C69EA8E,2017
571,Mauther_Forst_2,A094118A-69BB-4399-B11F-B2768C69EA8E,2018
572,Mauther_Forst_2,A094118A-69BB-4399-B11F-B2768C69EA8E,2019
573,Mauther_Forst_2,22FC5FD2-D293-487C-9AFB-1BAF55B119F0,2020
574,Mauther_Forst_2,22FC5FD2-D293-487C-9AFB-1BAF55B119F0,2021
575,Meeder_1,860E3634-069C-4D4F-8BB0-E469C157571A,2015
576,Meeder_1,860E3634-069C-4D4F-8BB0-E469C157571A,2016
577,Meeder_1,860E3634-069C-4D4F-8BB0-E469C157571A,2017
578,Meeder_1,860E3634-069C-4D4F-8BB0-E469C157571A,2018
579,Meeder_1,D9C3A0C3-A303-418A-ADC8-B2158741E982,2019
580,Meeder_1,E17619EC-2512-4615-8622-14C5F7C8F786,2020
581,Meeder_1,E17619EC-2512-4615-8622-14C5F7C8F786,2021
582,Meeder_2,E7D1D494-FE81-4C5E-9248-0AF17516A5D0,2015
583,Meeder_2,E7D1D494-FE81-4C5E-9248-0AF17516A5D0,2016
584,Meeder_2,E7D1D494-FE81-4C5E-9248-0AF17516A5D0,2017
585,Meeder_2,E7D1D494-FE81-4C5E-9248-0AF17516A5D0,2018
586,Meeder_2,E7D1D494-FE81-4C5E-9248-0AF17516A5D0,2019
587,Meeder_2,E7D1D494-FE81-4C5E-9248-0AF17516A5D0,2020
588,Meeder_2,E7D1D494-FE81-4C5E-9248-0AF17516A5D0,2021
589,Mellrichstadter_Forst_1,92A5B275-B225-44A6-8BFB-D3AEC49C75EE,2015
590,Mellrichstadter_Forst_1,92A5B275-B225-44A6-8BFB-D3AEC49C75EE,2016
591,Mellrichstadter_Forst_1,92A5B275-B225-44A6-8BFB-D3AEC49C75EE,2017
592,Mellrichstadter_Forst_1,92A5B275-B225-44A6-8BFB-D3AEC49C75EE,2018
593,Mellrichstadter_Forst_1,92A5B275-B225-44A6-8BFB-D3AEC49C75EE,2019
594,Mellrichstadter_Forst_1,A8D2AB03-0201-4FCD-AF23-66D2E12AD488,2020
595,Mellrichstadter_Forst_1,A8D2AB03-0201-4FCD-AF23-66D2E12AD488,2021
596,Mellrichstadter_Forst_2,1EAE9E80-D8FA-4404-A1B3-66EAF7F1061A,2015
597,Mellrichstadter_Forst_2,1EAE9E80-D8FA-4404-A1B3-66EAF7F1061A,2016
598,Mellrichstadter_Forst_2,1EAE9E80-D8FA-4404-A1B3-66EAF7F1061A,2017
599,Mellrichstadter_Forst_2,1EAE9E80-D8FA-4404-A1B3-66EAF7F1061A,2018
600,Mellrichstadter_Forst_2,1EAE9E80-D8FA-4404-A1B3-66EAF7F1061A,2019
601,Mellrichstadter_Forst_2,332A59CD-BAD5-4135-80BA-DD82C69CFC60,2020
602,Mellrichstadter_Forst_2,332A59CD-BAD5-4135-80BA-DD82C69CFC60,2021
603,Mitterteich_1,9AC28FCD-17BB-4940-B782-0E87B094E7DF,2015
604,Mitterteich_1,9AC28FCD-17BB-4940-B782-0E87B094E7DF,2016
605,Mitterteich_1,9AC28FCD-17BB-4940-B782-0E87B094E7DF,2017
606,Mitterteich_1,9AC28FCD-17BB-4940-B782-0E87B094E7DF,2018
607,Mitterteich_1,CEA06626-2E6F-474F-92EF-D0F00A1B5685,2019
608,Mitterteich_1,CEA06626-2E6F-474F-92EF-D0F00A1B5685,2020
609,Mitterteich_1,CEA06626-2E6F-474F-92EF-D0F00A1B5685,2021
610,Mitterteich_2,B09B9519-A9FB-407E-AB4F-958183967F7E,2015
611,Mitterteich_2,B09B9519-A9FB-407E-AB4F-958183967F7E,2016
612,Mitterteich_2,B09B9519-A9FB-407E-AB4F-958183967F7E,2017
613,Mitterteich_2,B09B9519-A9FB-407E-AB4F-958183967F7E,2018
614,Mitterteich_2,D9E92DF6-2FD2-4A28-A5E0-42332A7E2BB3,2019
615,Mitterteich_2,D9E92DF6-2FD2-4A28-A5E0-42332A7E2BB3,2020
616,Mitterteich_2,D9E92DF6-2FD2-4A28-A5E0-42332A7E2BB3,2021
617,Monheim_1,9A355BAA-43CC-4004-BFF8-8A3BEF2C1263,2015
618,Monheim_1,9A355BAA-43CC-4004-BFF8-8A3BEF2C1263,2016
619,Monheim_1,9A355BAA-43CC-4004-BFF8-8A3BEF2C1263,2017
620,Monheim_1,9A355BAA-43CC-4004-BFF8-8A3BEF2C1263,2018
621,Monheim_1,9A355BAA-43CC-4004-BFF8-8A3BEF2C1263,2019
622,Monheim_1,7390B141-EA3A-453C-9283-EA3B3180E1EF,2020
623,Monheim_1,7390B141-EA3A-453C-9283-EA3B3180E1EF,2021
624,Monheim_2,974D196E-F40F-4DB6-8B1B-3021626F15E9,2015
625,Monheim_2,974D196E-F40F-4DB6-8B1B-3021626F15E9,2016
626,Monheim_2,974D196E-F40F-4DB6-8B1B-3021626F15E9,2017
627,Monheim_2,974D196E-F40F-4DB6-8B1B-3021626F15E9,2018
628,Monheim_2,974D196E-F40F-4DB6-8B1B-3021626F15E9,2019
629,Monheim_2,2112E482-8D42-4643-B733-2DA43F2E9DAE,2020
630,Monheim_2,2112E482-8D42-4643-B733-2DA43F2E9DAE,2021
631,Mühldorfer_Hart_1,C07DE37F-752F-4DBE-8162-00006068D9BD,2015
632,Mühldorfer_Hart_1,C07DE37F-752F-4DBE-8162-00006068D9BD,2016
633,Mühldorfer_Hart_1,C07DE37F-752F-4DBE-8162-00006068D9BD,2017
634,Mühldorfer_Hart_1,C07DE37F-752F-4DBE-8162-00006068D9BD,2018
635,Mühldorfer_Hart_1,5D79C252-D6A5-4D47-962D-63E5C4D17F05,2019
636,Mühldorfer_Hart_1,5D79C252-D6A5-4D47-962D-63E5C4D17F05,2020
637,Mühldorfer_Hart_1,5D79C252-D6A5-4D47-962D-63E5C4D17F05,2021
638,Mühldorfer_Hart_2,DCB796D5-021A-4437-880F-9A3A16B80BCC,2015
639,Mühldorfer_Hart_2,DCB796D5-021A-4437-880F-9A3A16B80BCC,2016
640,Mühldorfer_Hart_2,DCB796D5-021A-4437-880F-9A3A16B80BCC,2017
641,Mühldorfer_Hart_2,DCB796D5-021A-4437-880F-9A3A16B80BCC,2018
642,Mühldorfer_Hart_2,D3FCA82C-3502-41FA-9783-3C31F40B49F5,2019
643,Mühldorfer_Hart_2,D3FCA82C-3502-41FA-9783-3C31F40B49F5,2020
644,Mühldorfer_Hart_2,D3FCA82C-3502-41FA-9783-3C31F40B49F5,2021
645,Niedernberg_1,57F8C750-4153-414A-900B-B3C2E72E8441,2015
646,Niedernberg_1,57F8C750-4153-414A-900B-B3C2E72E8441,2016
647,Niedernberg_1,57F8C750-4153-414A-900B-B3C2E72E8441,2017
648,Niedernberg_1,57F8C750-4153-414A-900B-B3C2E72E8441,2018
649,Niedernberg_1,57F8C750-4153-414A-900B-B3C2E72E8441,2019
650,Niedernberg_1,57F8C750-4153-414A-900B-B3C2E72E8441,2020
651,Niedernberg_1,57F8C750-4153-414A-900B-B3C2E72E8441,2021
652,Niedernberg_2,F75DD145-EFFE-4F26-AD09-EA93EA274C35,2015
653,Niedernberg_2,F75DD145-EFFE-4F26-AD09-EA93EA274C35,2016
654,Niedernberg_2,F75DD145-EFFE-4F26-AD09-EA93EA274C35,2017
655,Niedernberg_2,50F5B0BC-399C-4012-B854-981261CFC836,2018
656,Niedernberg_2,50F5B0BC-399C-4012-B854-981261CFC836,2019
657,Niedernberg_2,DD9A5F70-0D63-461B-99DC-679C9D26E8F8,2020
658,Niedernberg_2,DD9A5F70-0D63-461B-99DC-679C9D26E8F8,2021
659,Oberammergau_1,6F7A15EC-5EEA-4953-A20B-7CBFC5FE933D,2015
660,Oberammergau_1,6F7A15EC-5EEA-4953-A20B-7CBFC5FE933D,2016
661,Oberammergau_1,6F7A15EC-5EEA-4953-A20B-7CBFC5FE933D,2017
662,Oberammergau_1,6F7A15EC-5EEA-4953-A20B-7CBFC5FE933D,2018
663,Oberammergau_1,6F7A15EC-5EEA-4953-A20B-7CBFC5FE933D,2019
664,Oberammergau_1,2B02CAFC-953B-412F-B99E-A1B665BE9637,2020
665,Oberammergau_1,2B02CAFC-953B-412F-B99E-A1B665BE9637,2021
666,Oberammergau_2,B4A10F13-58C4-49EC-B924-68674BA3D2B2,2015
667,Oberammergau_2,B4A10F13-58C4-49EC-B924-68674BA3D2B2,2016
668,Oberammergau_2,B4A10F13-58C4-49EC-B924-68674BA3D2B2,2017
669,Oberammergau_2,B4A10F13-58C4-49EC-B924-68674BA3D2B2,2018
670,Oberammergau_2,B4A10F13-58C4-49EC-B924-68674BA3D2B2,2019
671,Oberammergau_2,B4A10F13-58C4-49EC-B924-68674BA3D2B2,2020
672,Oberammergau_2,B4A10F13-58C4-49EC-B924-68674BA3D2B2,2021
673,Oberaudorf_1,529415EE-FA60-4462-9E03-21B7F63E8545,2015
674,Oberaudorf_1,A0F31FC5-21CB-45CC-A893-42489B220DB3,2016
675,Oberaudorf_1,A0F31FC5-21CB-45CC-A893-42489B220DB3,2017
676,Oberaudorf_1,5561D31D-A700-4DDC-BDD6-E43D3E62B95C,2018
677,Oberaudorf_1,5561D31D-A700-4DDC-BDD6-E43D3E62B95C,2019
678,Oberaudorf_1,18281A87-092E-4615-9648-E4B6518AF115,2020
679,Oberaudorf_1,18281A87-092E-4615-9648-E4B6518AF115,2021
680,Oberaudorf_2,965ADF5D-D2FD-4E0A-8A46-C5A9F5D28005,2015
681,Oberaudorf_2,6DBB1ACB-41DC-4ACD-9A46-66DB4AB1414E,2016
682,Oberaudorf_2,6DBB1ACB-41DC-4ACD-9A46-66DB4AB1414E,2017
683,Oberaudorf_2,6DBB1ACB-41DC-4ACD-9A46-66DB4AB1414E,2018
684,Oberaudorf_2,6DBB1ACB-41DC-4ACD-9A46-66DB4AB1414E,2019
685,Oberaudorf_2,B3BAC4DB-48BC-4E95-B189-D81420FDEE5D,2020
686,Oberaudorf_2,B3BAC4DB-48BC-4E95-B189-D81420FDEE5D,2021
687,Oberkotzau_1,4F0CAEA6-D57A-49C8-AE15-F7E61E791A49,2015
688,Oberkotzau_1,4F0CAEA6-D57A-49C8-AE15-F7E61E791A49,2016
689,Oberkotzau_1,B069B775-0287-42DA-95A2-402817E1D412,2017
690,Oberkotzau_1,B069B775-0287-42DA-95A2-402817E1D412,2018
691,Oberkotzau_1,B069B775-0287-42DA-95A2-402817E1D412,2019
692,Oberkotzau_1,B3244992-F1D2-42E3-AE7A-5A01813765B0,2020
693,Oberkotzau_1,B3244992-F1D2-42E3-AE7A-5A01813765B0,2021
694,Oberkotzau_2,B249F090-BFD1-406B-B50A-AE60ABE56DBF,2015
695,Oberkotzau_2,B249F090-BFD1-406B-B50A-AE60ABE56DBF,2016
696,Oberkotzau_2,28D28C5A-8818-483B-8515-95763D579F61,2017
697,Oberkotzau_2,28D28C5A-8818-483B-8515-95763D579F61,2018
698,Oberkotzau_2,28D28C5A-8818-483B-8515-95763D579F61,2019
699,Oberkotzau_2,A86CAE75-E097-48D4-B97E-2391FBBAF886,2020
700,Oberkotzau_2,A86CAE75-E097-48D4-B97E-2391FBBAF886,2021
701,Offenhausen_1,3B484A06-00CE-4887-B032-CDD7C87E02F6,2015
702,Offenhausen_1,3B484A06-00CE-4887-B032-CDD7C87E02F6,2016
703,Offenhausen_1,3B484A06-00CE-4887-B032-CDD7C87E02F6,2017
704,Offenhausen_1,3B484A06-00CE-4887-B032-CDD7C87E02F6,2018
705,Offenhausen_1,3B484A06-00CE-4887-B032-CDD7C87E02F6,2019
706,Offenhausen_1,3B484A06-00CE-4887-B032-CDD7C87E02F6,2020
707,Offenhausen_1,3B484A06-00CE-4887-B032-CDD7C87E02F6,2021
708,Offenhausen_2,CC08394C-6790-4FC5-A0ED-C0A70508D49F,2015
709,Offenhausen_2,CC08394C-6790-4FC5-A0ED-C0A70508D49F,2016
710,Offenhausen_2,CC08394C-6790-4FC5-A0ED-C0A70508D49F,2017
711,Offenhausen_2,CC08394C-6790-4FC5-A0ED-C0A70508D49F,2018
712,Offenhausen_2,CC08394C-6790-4FC5-A0ED-C0A70508D49F,2019
713,Offenhausen_2,CC08394C-6790-4FC5-A0ED-C0A70508D49F,2020
714,Offenhausen_2,CC08394C-6790-4FC5-A0ED-C0A70508D49F,2021
715,Peiting_1,6C0EF5A6-B6A3-4AE6-9DF0-DF307F2EDE62,2015
716,Peiting_1,6C0EF5A6-B6A3-4AE6-9DF0-DF307F2EDE62,2016
717,Peiting_1,6C0EF5A6-B6A3-4AE6-9DF0-DF307F2EDE62,2017
718,Peiting_1,6C0EF5A6-B6A3-4AE6-9DF0-DF307F2EDE62,2018
719,Peiting_1,6C0EF5A6-B6A3-4AE6-9DF0-DF307F2EDE62,2019
720,Peiting_1,9C112772-7D74-4A26-938E-C17C93BCD04A,2020
721,Peiting_1,9C112772-7D74-4A26-938E-C17C93BCD04A,2021
722,Peiting_2,408DA683-6C38-4D3B-B5AE-73B9EC38A6BF,2015
723,Peiting_2,408DA683-6C38-4D3B-B5AE-73B9EC38A6BF,2016
724,Peiting_2,408DA683-6C38-4D3B-B5AE-73B9EC38A6BF,2017
725,Peiting_2,408DA683-6C38-4D3B-B5AE-73B9EC38A6BF,2018
726,Peiting_2,408DA683-6C38-4D3B-B5AE-73B9EC38A6BF,2019
727,Peiting_2,20F6C4DC-68FF-4E3F-8720-25FC65FCCC59,2020
728,Peiting_2,20F6C4DC-68FF-4E3F-8720-25FC65FCCC59,2021
729,Pfaffenhofen_a.d.Roth_1,437FDB9F-8F54-429B-A901-3B2ECD08764C,2015
730,Pfaffenhofen_a.d.Roth_1,437FDB9F-8F54-429B-A901-3B2ECD08764C,2016
731,Pfaffenhofen_a.d.Roth_1,437FDB9F-8F54-429B-A901-3B2ECD08764C,2017
732,Pfaffenhofen_a.d.Roth_1,437FDB9F-8F54-429B-A901-3B2ECD08764C,2018
733,Pfaffenhofen_a.d.Roth_1,F83E5753-74F2-4A8F-A358-D829D0F1315C,2019
734,Pfaffenhofen_a.d.Roth_1,812710E9-491A-44CD-823F-67E5CA31365F,2020
735,Pfaffenhofen_a.d.Roth_1,812710E9-491A-44CD-823F-67E5CA31365F,2021
736,Pfaffenhofen_a.d.Roth_2,D4CBB169-6890-4FB4-A8CF-3AC6A1759289,2015
737,Pfaffenhofen_a.d.Roth_2,D4CBB169-6890-4FB4-A8CF-3AC6A1759289,2016
738,Pfaffenhofen_a.d.Roth_2,D4CBB169-6890-4FB4-A8CF-3AC6A1759289,2017
739,Pfaffenhofen_a.d.Roth_2,D4CBB169-6890-4FB4-A8CF-3AC6A1759289,2018
740,Pfaffenhofen_a.d.Roth_2,BDC3BCEC-EE7E-4772-B789-0E83B9936F88,2019
741,Pfaffenhofen_a.d.Roth_2,99544C3E-FACC-478D-95A6-E5264C2CF18E,2020
742,Pfaffenhofen_a.d.Roth_2,99544C3E-FACC-478D-95A6-E5264C2CF18E,2021
743,Piding_1,DA8472D9-F334-4FEE-99A3-12080FA76D48,2015
744,Piding_1,DA8472D9-F334-4FEE-99A3-12080FA76D48,2016
745,Piding_1,DA8472D9-F334-4FEE-99A3-12080FA76D48,2017
746,Piding_1,DA8472D9-F334-4FEE-99A3-12080FA76D48,2018
747,Piding_1,DA8472D9-F334-4FEE-99A3-12080FA76D48,2019
748,Piding_1,DA8472D9-F334-4FEE-99A3-12080FA76D48,2020
749,Piding_1,DA8472D9-F334-4FEE-99A3-12080FA76D48,2021
750,Piding_2,18FF64B2-3597-4E1F-BD6C-74B04A8376B3,2015
751,Piding_2,18FF64B2-3597-4E1F-BD6C-74B04A8376B3,2016
752,Piding_2,18FF64B2-3597-4E1F-BD6C-74B04A8376B3,2017
753,Piding_2,18FF64B2-3597-4E1F-BD6C-74B04A8376B3,2018
754,Piding_2,18FF64B2-3597-4E1F-BD6C-74B04A8376B3,2019
755,Piding_2,18FF64B2-3597-4E1F-BD6C-74B04A8376B3,2020
756,Piding_2,18FF64B2-3597-4E1F-BD6C-74B04A8376B3,2021
757,Pressig_1,961B4BA5-7979-4B8C-90D2-23E0EF7DC5E3,2015
758,Pressig_1,961B4BA5-7979-4B8C-90D2-23E0EF7DC5E3,2016
759,Pressig_1,961B4BA5-7979-4B8C-90D2-23E0EF7DC5E3,2017
760,Pressig_1,961B4BA5-7979-4B8C-90D2-23E0EF7DC5E3,2018
761,Pressig_1,961B4BA5-7979-4B8C-90D2-23E0EF7DC5E3,2019
762,Pressig_1,5ED8341D-05ED-4A17-8748-D358D499F23D,2020
763,Pressig_1,5ED8341D-05ED-4A17-8748-D358D499F23D,2021
764,Pressig_2,CB3A1D10-A950-405E-9CA0-B213AF1B4B11,2015
765,Pressig_2,CB3A1D10-A950-405E-9CA0-B213AF1B4B11,2016
766,Pressig_2,CB3A1D10-A950-405E-9CA0-B213AF1B4B11,2017
767,Pressig_2,CB3A1D10-A950-405E-9CA0-B213AF1B4B11,2018
768,Pressig_2,CB3A1D10-A950-405E-9CA0-B213AF1B4B11,2019
769,Pressig_2,C9302037-1A4E-4126-BDB3-582220BE9AEC,2020
770,Pressig_2,C9302037-1A4E-4126-BDB3-582220BE9AEC,2021
771,Schrobenhausen_1,3A2DD442-D61E-465A-95AC-E7230BAA93F3,2015
772,Schrobenhausen_1,3A2DD442-D61E-465A-95AC-E7230BAA93F3,2016
773,Schrobenhausen_1,3A2DD442-D61E-465A-95AC-E7230BAA93F3,2017
774,Schrobenhausen_1,3A2DD442-D61E-465A-95AC-E7230BAA93F3,2018
775,Schrobenhausen_1,5A55600E-30E1-44ED-B2EE-5A2A5D22F368,2019
776,Schrobenhausen_1,071D2290-FD5F-41B3-80E8-8EC4E945757E,2020
777,Schrobenhausen_1,071D2290-FD5F-41B3-80E8-8EC4E945757E,2021
778,Schrobenhausen_2,55DD7A81-695D-41E9-9772-F8DFDA1F847F,2015
779,Schrobenhausen_2,55DD7A81-695D-41E9-9772-F8DFDA1F847F,2016
780,Schrobenhausen_2,55DD7A81-695D-41E9-9772-F8DFDA1F847F,2017
781,Schrobenhausen_2,55DD7A81-695D-41E9-9772-F8DFDA1F847F,2018
782,Schrobenhausen_2,E9B7AA55-535A-40F4-B99D-35A12EDE229C,2019
783,Schrobenhausen_2,5599FA3E-3D05-4307-9A2F-14E6989A92FF,2020
784,Schrobenhausen_2,5599FA3E-3D05-4307-9A2F-14E6989A92FF,2021
785,Schwarzach_1,EEF6FA62-8619-426E-885A-18CEA063F138,2015
786,Schwarzach_1,EEF6FA62-8619-426E-885A-18CEA063F138,2016
787,Schwarzach_1,EEF6FA62-8619-426E-885A-18CEA063F138,2017
788,Schwarzach_1,EEF6FA62-8619-426E-885A-18CEA063F138,2018
789,Schwarzach_1,EEF6FA62-8619-426E-885A-18CEA063F138,2019
790,Schwarzach_1,3627235E-5E23-4A22-8566-4441D56A3B55,2020
791,Schwarzach_1,3627235E-5E23-4A22-8566-4441D56A3B55,2021
792,Schwarzach_2,08E6CD25-74C8-44A2-A650-4362FD0BCF84,2015
793,Schwarzach_2,08E6CD25-74C8-44A2-A650-4362FD0BCF84,2016
794,Schwarzach_2,08E6CD25-74C8-44A2-A650-4362FD0BCF84,2017
795,Schwarzach_2,08E6CD25-74C8-44A2-A650-4362FD0BCF84,2018
796,Schwarzach_2,08E6CD25-74C8-44A2-A650-4362FD0BCF84,2019
797,Schwarzach_2,08E6CD25-74C8-44A2-A650-4362FD0BCF84,2020
798,Schwarzach_2,08E6CD25-74C8-44A2-A650-4362FD0BCF84,2021
799,Schönthal_1,7E103BF9-969B-43C1-8317-7CBF804C1756,2015
800,Schönthal_1,7E103BF9-969B-43C1-8317-7CBF804C1756,2016
801,Schönthal_1,7E103BF9-969B-43C1-8317-7CBF804C1756,2017
802,Schönthal_1,7E103BF9-969B-43C1-8317-7CBF804C1756,2018
803,Schönthal_1,7E103BF9-969B-43C1-8317-7CBF804C1756,2019
804,Schönthal_1,73CC4AE5-D232-403E-A411-17978E1764EA,2020
805,Schönthal_1,73CC4AE5-D232-403E-A411-17978E1764EA,2021
806,Schönthal_2,875C669C-604B-47F8-8F76-248BEAE5CE0D,2015
807,Schönthal_2,875C669C-604B-47F8-8F76-248BEAE5CE0D,2016
808,Schönthal_2,875C669C-604B-47F8-8F76-248BEAE5CE0D,2017
809,Schönthal_2,875C669C-604B-47F8-8F76-248BEAE5CE0D,2018
810,Schönthal_2,875C669C-604B-47F8-8F76-248BEAE5CE0D,2019
811,Schönthal_2,0C84DFCE-3445-41E7-A4D3-C50EF140C6CB,2020
812,Schönthal_2,0C84DFCE-3445-41E7-A4D3-C50EF140C6CB,2021
813,Spalt_1,21853C3B-FD14-42ED-9717-FB294F2B3C61,2015
814,Spalt_1,21853C3B-FD14-42ED-9717-FB294F2B3C61,2016
815,Spalt_1,21853C3B-FD14-42ED-9717-FB294F2B3C61,2017
816,Spalt_1,21853C3B-FD14-42ED-9717-FB294F2B3C61,2018
817,Spalt_1,21853C3B-FD14-42ED-9717-FB294F2B3C61,2019
818,Spalt_1,21853C3B-FD14-42ED-9717-FB294F2B3C61,2020
819,Spalt_1,21853C3B-FD14-42ED-9717-FB294F2B3C61,2021
820,Spalt_2,863BD9B1-BF95-49F5-880A-436DDC5A48FE,2015
821,Spalt_2,863BD9B1-BF95-49F5-880A-436DDC5A48FE,2016
822,Spalt_2,863BD9B1-BF95-49F5-880A-436DDC5A48FE,2017
823,Spalt_2,863BD9B1-BF95-49F5-880A-436DDC5A48FE,2018
824,Spalt_2,863BD9B1-BF95-49F5-880A-436DDC5A48FE,2019
825,Spalt_2,863BD9B1-BF95-49F5-880A-436DDC5A48FE,2020
826,Spalt_2,863BD9B1-BF95-49F5-880A-436DDC5A48FE,2021
827,Stadtsteinach_1,07654F60-4BC8-4FFC-A808-EAD30A3F632D,2015
828,Stadtsteinach_1,07654F60-4BC8-4FFC-A808-EAD30A3F632D,2016
829,Stadtsteinach_1,07654F60-4BC8-4FFC-A808-EAD30A3F632D,2017
830,Stadtsteinach_1,07654F60-4BC8-4FFC-A808-EAD30A3F632D,2018
831,Stadtsteinach_1,07654F60-4BC8-4FFC-A808-EAD30A3F632D,2019
832,Stadtsteinach_1,08B84CBF-ADA3-4BE0-90D0-6399C641C631,2020
833,Stadtsteinach_1,08B84CBF-ADA3-4BE0-90D0-6399C641C631,2021
834,Stadtsteinach_2,955E5CFD-FAFE-4AD6-8C42-ABA5D870EFF6,2015
835,Stadtsteinach_2,955E5CFD-FAFE-4AD6-8C42-ABA5D870EFF6,2016
836,Stadtsteinach_2,955E5CFD-FAFE-4AD6-8C42-ABA5D870EFF6,2017
837,Stadtsteinach_2,955E5CFD-FAFE-4AD6-8C42-ABA5D870EFF6,2018
838,Stadtsteinach_2,955E5CFD-FAFE-4AD6-8C42-ABA5D870EFF6,2019
839,Stadtsteinach_2,85C3236F-F9B1-42C7-806A-BB1E96970298,2020
840,Stadtsteinach_2,85C3236F-F9B1-42C7-806A-BB1E96970298,2021
841,Steinwiesen_1,28C28BEC-2A34-4667-AFEB-D8241A2145E8,2015
842,Steinwiesen_1,28C28BEC-2A34-4667-AFEB-D8241A2145E8,2016
843,Steinwiesen_1,28C28BEC-2A34-4667-AFEB-D8241A2145E8,2017
844,Steinwiesen_1,28C28BEC-2A34-4667-AFEB-D8241A2145E8,2018
845,Steinwiesen_1,28C28BEC-2A34-4667-AFEB-D8241A2145E8,2019
846,Steinwiesen_1,28C28BEC-2A34-4667-AFEB-D8241A2145E8,2020
847,Steinwiesen_1,28C28BEC-2A34-4667-AFEB-D8241A2145E8,2021
848,Steinwiesen_2,0E896F76-4738-4975-8C9E-CA9DBDF0ADD3,2015
849,Steinwiesen_2,0E896F76-4738-4975-8C9E-CA9DBDF0ADD3,2016
850,Steinwiesen_2,0E896F76-4738-4975-8C9E-CA9DBDF0ADD3,2017
851,Steinwiesen_2,0E896F76-4738-4975-8C9E-CA9DBDF0ADD3,2018
852,Steinwiesen_2,0E896F76-4738-4975-8C9E-CA9DBDF0ADD3,2019
853,Steinwiesen_2,0E896F76-4738-4975-8C9E-CA9DBDF0ADD3,2020
854,Steinwiesen_2,0E896F76-4738-4975-8C9E-CA9DBDF0ADD3,2021
855,Stötten_a.Auerberg_1,E5DBCD7C-D950-4935-8B64-3F420BF55D8D,2015
856,Stötten_a.Auerberg_1,E5DBCD7C-D950-4935-8B64-3F420BF55D8D,2016
857,Stötten_a.Auerberg_1,E5DBCD7C-D950-4935-8B64-3F420BF55D8D,2017
858,Stötten_a.Auerberg_1,E5DBCD7C-D950-4935-8B64-3F420BF55D8D,2018
859,Stötten_a.Auerberg_1,4C58C493-2A7A-4850-9D1A-96A540475731,2019
860,Stötten_a.Auerberg_1,98565772-B4EF-4B73-83DC-5365F2C5BF98,2020
861,Stötten_a.Auerberg_1,98565772-B4EF-4B73-83DC-5365F2C5BF98,2021
862,Stötten_a.Auerberg_2,37D09E5A-389E-4EFA-904E-C49F5FB05340,2015
863,Stötten_a.Auerberg_2,37D09E5A-389E-4EFA-904E-C49F5FB05340,2016
864,Stötten_a.Auerberg_2,37D09E5A-389E-4EFA-904E-C49F5FB05340,2017
865,Stötten_a.Auerberg_2,37D09E5A-389E-4EFA-904E-C49F5FB05340,2018
866,Stötten_a.Auerberg_2,B98F19CD-A2CD-48F1-979A-A34148CEB90A,2019
867,Stötten_a.Auerberg_2,84617C77-1ECE-4119-8C04-452E41126A05,2020
868,Stötten_a.Auerberg_2,84617C77-1ECE-4119-8C04-452E41126A05,2021
869,Sugenheim_1,42B88726-BEFD-4849-8FA6-CFEAF28E7677,2015
870,Sugenheim_1,42B88726-BEFD-4849-8FA6-CFEAF28E7677,2016
871,Sugenheim_1,42B88726-BEFD-4849-8FA6-CFEAF28E7677,2017
872,Sugenheim_1,42B88726-BEFD-4849-8FA6-CFEAF28E7677,2018
873,Sugenheim_1,42B88726-BEFD-4849-8FA6-CFEAF28E7677,2019
874,Sugenheim_1,42B88726-BEFD-4849-8FA6-CFEAF28E7677,2020
875,Sugenheim_1,42B88726-BEFD-4849-8FA6-CFEAF28E7677,2021
876,Sugenheim_2,2C1E684D-CBBF-4A96-86AD-03A0A6D20E80,2015
877,Sugenheim_2,2C1E684D-CBBF-4A96-86AD-03A0A6D20E80,2016
878,Sugenheim_2,2C1E684D-CBBF-4A96-86AD-03A0A6D20E80,2017
879,Sugenheim_2,2C1E684D-CBBF-4A96-86AD-03A0A6D20E80,2018
880,Sugenheim_2,2C1E684D-CBBF-4A96-86AD-03A0A6D20E80,2019
881,Sugenheim_2,2C1E684D-CBBF-4A96-86AD-03A0A6D20E80,2020
882,Sugenheim_2,2C1E684D-CBBF-4A96-86AD-03A0A6D20E80,2021
883,Teunz_1,77AF51E4-1481-4D10-A777-6AD4D894736F,2015
884,Teunz_1,77AF51E4-1481-4D10-A777-6AD4D894736F,2016
885,Teunz_1,77AF51E4-1481-4D10-A777-6AD4D894736F,2017
886,Teunz_1,77AF51E4-1481-4D10-A777-6AD4D894736F,2018
887,Teunz_1,77AF51E4-1481-4D10-A777-6AD4D894736F,2019
888,Teunz_1,77AF51E4-1481-4D10-A777-6AD4D894736F,2020
889,Teunz_1,77AF51E4-1481-4D10-A777-6AD4D894736F,2021
890,Teunz_2,1D52484A-0AF7-4E3C-BF28-9E7ED6A89B2F,2015
891,Teunz_2,1D52484A-0AF7-4E3C-BF28-9E7ED6A89B2F,2016
892,Teunz_2,1D52484A-0AF7-4E3C-BF28-9E7ED6A89B2F,2017
893,Teunz_2,1D52484A-0AF7-4E3C-BF28-9E7ED6A89B2F,2018
894,Teunz_2,1D52484A-0AF7-4E3C-BF28-9E7ED6A89B2F,2019
895,Teunz_2,2B1B52CD-DCC6-4572-9AAE-8FE3375C5DC6,2020
896,Teunz_2,2B1B52CD-DCC6-4572-9AAE-8FE3375C5DC6,2021
897,Traunstein_1,DFDA10AF-824F-44FA-ABD9-C567A04C03F7,2015
898,Traunstein_1,DFDA10AF-824F-44FA-ABD9-C567A04C03F7,2016
899,Traunstein_1,DFDA10AF-824F-44FA-ABD9-C567A04C03F7,2017
900,Traunstein_1,DFDA10AF-824F-44FA-ABD9-C567A04C03F7,2018
901,Traunstein_1,DFDA10AF-824F-44FA-ABD9-C567A04C03F7,2019
902,Traunstein_1,DFDA10AF-824F-44FA-ABD9-C567A04C03F7,2020
903,Traunstein_1,DFDA10AF-824F-44FA-ABD9-C567A04C03F7,2021
904,Traunstein_2,0010C7C3-C8BC-44D3-8F6E-4445CB8B1DC9,2015
905,Traunstein_2,0010C7C3-C8BC-44D3-8F6E-4445CB8B1DC9,2016
906,Traunstein_2,0010C7C3-C8BC-44D3-8F6E-4445CB8B1DC9,2017
907,Traunstein_2,0010C7C3-C8BC-44D3-8F6E-4445CB8B1DC9,2018
908,Traunstein_2,0010C7C3-C8BC-44D3-8F6E-4445CB8B1DC9,2019
909,Traunstein_2,0010C7C3-C8BC-44D3-8F6E-4445CB8B1DC9,2020
910,Traunstein_2,0010C7C3-C8BC-44D3-8F6E-4445CB8B1DC9,2021
911,Vogtareuth_1,AA0CD71E-16CE-4660-B99C-EE09CA6A1B1C,2015
912,Vogtareuth_1,AA0CD71E-16CE-4660-B99C-EE09CA6A1B1C,2016
913,Vogtareuth_1,AA0CD71E-16CE-4660-B99C-EE09CA6A1B1C,2017
914,Vogtareuth_1,AA0CD71E-16CE-4660-B99C-EE09CA6A1B1C,2018
915,Vogtareuth_1,61B6B26B-B8D7-4F71-8DB9-543AC9ABE6FD,2019
916,Vogtareuth_1,D92E914C-8AAD-4220-B725-230ACA0B8B3F,2020
917,Vogtareuth_1,D92E914C-8AAD-4220-B725-230ACA0B8B3F,2021
918,Vogtareuth_2,3CC2240A-A81C-4927-BCC5-8DE39B711617,2015
919,Vogtareuth_2,3CC2240A-A81C-4927-BCC5-8DE39B711617,2016
920,Vogtareuth_2,3CC2240A-A81C-4927-BCC5-8DE39B711617,2017
921,Vogtareuth_2,3CC2240A-A81C-4927-BCC5-8DE39B711617,2018
922,Vogtareuth_2,F1705F40-4358-42E3-AA97-D1C760C44806,2019
923,Vogtareuth_2,E94AB78B-A2EF-4653-8A16-E2998F1C7AB4,2020
924,Vogtareuth_2,E94AB78B-A2EF-4653-8A16-E2998F1C7AB4,2021
925,Vohenstrauß_1,BF4E09F4-2B26-4D59-82F4-0E11844CF25C,2015
926,Vohenstrauß_1,BF4E09F4-2B26-4D59-82F4-0E11844CF25C,2016
927,Vohenstrauß_1,BF4E09F4-2B26-4D59-82F4-0E11844CF25C,2017
928,Vohenstrauß_1,BF4E09F4-2B26-4D59-82F4-0E11844CF25C,2018
929,Vohenstrauß_1,6006CC08-8B06-48FF-B285-16133A44652A,2019
930,Vohenstrauß_1,AFEC3E2F-52E3-4BF4-B131-A042308B25FE,2020
931,Vohenstrauß_1,AFEC3E2F-52E3-4BF4-B131-A042308B25FE,2021
932,Vohenstrauß_2,E7E02870-1922-4988-8615-1965625E0EAD,2015
933,Vohenstrauß_2,E7E02870-1922-4988-8615-1965625E0EAD,2016
934,Vohenstrauß_2,C5096F96-28AB-4605-9E28-33D648120FAB,2017
935,Vohenstrauß_2,C5096F96-28AB-4605-9E28-33D648120FAB,2018
936,Vohenstrauß_2,C5096F96-28AB-4605-9E28-33D648120FAB,2019
937,Vohenstrauß_2,6D8BD011-1E68-4E61-9BCD-EFF32E5A7C91,2020
938,Vohenstrauß_2,6D8BD011-1E68-4E61-9BCD-EFF32E5A7C91,2021
939,Waldkirchen_1,64BD49E4-A9DF-45BA-801F-C9921BD3BEC4,2015
940,Waldkirchen_1,964F395E-A9B4-4614-823C-803A061979AB,2016
941,Waldkirchen_1,964F395E-A9B4-4614-823C-803A061979AB,2017
942,Waldkirchen_1,964F395E-A9B4-4614-823C-803A061979AB,2018
943,Waldkirchen_1,964F395E-A9B4-4614-823C-803A061979AB,2019
944,Waldkirchen_1,35AC05F0-2A36-44EB-8050-4A5E1D3B188C,2020
945,Waldkirchen_1,35AC05F0-2A36-44EB-8050-4A5E1D3B188C,2021
946,Waldkirchen_2,7FBF986D-B03E-49B5-9102-63B33EEA5831,2015
947,Waldkirchen_2,20379645-0F24-44F9-AB17-99ABC9CF447A,2016
948,Waldkirchen_2,20379645-0F24-44F9-AB17-99ABC9CF447A,2017
949,Waldkirchen_2,20379645-0F24-44F9-AB17-99ABC9CF447A,2018
950,Waldkirchen_2,20379645-0F24-44F9-AB17-99ABC9CF447A,2019
951,Waldkirchen_2,D2FE7809-B059-4C33-92EA-09E50C35DA7E,2020
952,Waldkirchen_2,D2FE7809-B059-4C33-92EA-09E50C35DA7E,2021
953,Wegscheid_1,1492D5FF-A58D-43EF-927B-0999DF992952,2015
954,Wegscheid_1,1492D5FF-A58D-43EF-927B-0999DF992952,2016
955,Wegscheid_1,1492D5FF-A58D-43EF-927B-0999DF992952,2017
956,Wegscheid_1,1492D5FF-A58D-43EF-927B-0999DF992952,2018
957,Wegscheid_1,1492D5FF-A58D-43EF-927B-0999DF992952,2019
958,Wegscheid_1,1492D5FF-A58D-43EF-927B-0999DF992952,2020
959,Wegscheid_1,1492D5FF-A58D-43EF-927B-0999DF992952,2021
960,Wegscheid_2,0E18D11D-F817-44C7-BDF5-C948076EEBB5,2015
961,Wegscheid_2,0E18D11D-F817-44C7-BDF5-C948076EEBB5,2016
962,Wegscheid_2,0E18D11D-F817-44C7-BDF5-C948076EEBB5,2017
963,Wegscheid_2,0E18D11D-F817-44C7-BDF5-C948076EEBB5,2018
964,Wegscheid_2,0E18D11D-F817-44C7-BDF5-C948076EEBB5,2019
965,Wegscheid_2,0E18D11D-F817-44C7-BDF5-C948076EEBB5,2020
966,Wegscheid_2,0E18D11D-F817-44C7-BDF5-C948076EEBB5,2021
967,Weidenberg_1,1AB43767-0FCD-4DA4-9695-D21312744F97,2015
968,Weidenberg_1,1AB43767-0FCD-4DA4-9695-D21312744F97,2016
969,Weidenberg_1,1AB43767-0FCD-4DA4-9695-D21312744F97,2017
970,Weidenberg_1,1AB43767-0FCD-4DA4-9695-D21312744F97,2018
971,Weidenberg_1,1AB43767-0FCD-4DA4-9695-D21312744F97,2019
972,Weidenberg_1,1AB43767-0FCD-4DA4-9695-D21312744F97,2020
973,Weidenberg_1,1AB43767-0FCD-4DA4-9695-D21312744F97,2021
974,Weidenberg_2,D4E804EB-02F5-4697-B580-F07937144E32,2015
975,Weidenberg_2,D4E804EB-02F5-4697-B580-F07937144E32,2016
976,Weidenberg_2,D4E804EB-02F5-4697-B580-F07937144E32,2017
977,Weidenberg_2,D4E804EB-02F5-4697-B580-F07937144E32,2018
978,Weidenberg_2,D4E804EB-02F5-4697-B580-F07937144E32,2019
979,Weidenberg_2,939EC6F8-76A6-4EDE-989B-30DC62E06AC4,2020
980,Weidenberg_2,939EC6F8-76A6-4EDE-989B-30DC62E06AC4,2021
981,Weilheim_i.OB_1,8050D884-4974-42A5-B439-4D1AB7C779FB,2015
982,Weilheim_i.OB_1,385D7E19-2D17-480F-828B-4ACB7B9845F8,2016
983,Weilheim_i.OB_1,385D7E19-2D17-480F-828B-4ACB7B9845F8,2017
984,Weilheim_i.OB_1,385D7E19-2D17-480F-828B-4ACB7B9845F8,2018
985,Weilheim_i.OB_1,385D7E19-2D17-480F-828B-4ACB7B9845F8,2019
986,Weilheim_i.OB_1,385D7E19-2D17-480F-828B-4ACB7B9845F8,2020
987,Weilheim_i.OB_1,385D7E19-2D17-480F-828B-4ACB7B9845F8,2021
988,Weilheim_i.OB_2,219D6B3A-D0B7-42B4-8CD6-719BAD220BC5,2015
989,Weilheim_i.OB_2,3168F6AB-AB5B-4841-BB2D-F3C4893B8195,2016
990,Weilheim_i.OB_2,3168F6AB-AB5B-4841-BB2D-F3C4893B8195,2017
991,Weilheim_i.OB_2,3168F6AB-AB5B-4841-BB2D-F3C4893B8195,2018
992,Weilheim_i.OB_2,3168F6AB-AB5B-4841-BB2D-F3C4893B8195,2019
993,Weilheim_i.OB_2,3168F6AB-AB5B-4841-BB2D-F3C4893B8195,2020
994,Weilheim_i.OB_2,3168F6AB-AB5B-4841-BB2D-F3C4893B8195,2021
995,Weiltingen_1,A2DE4444-78CD-42F9-B0D4-CAAD1EE6DE5F,2015
996,Weiltingen_1,A2DE4444-78CD-42F9-B0D4-CAAD1EE6DE5F,2016
997,Weiltingen_1,A2DE4444-78CD-42F9-B0D4-CAAD1EE6DE5F,2017
998,Weiltingen_1,A2DE4444-78CD-42F9-B0D4-CAAD1EE6DE5F,2018
999,Weiltingen_1,A2DE4444-78CD-42F9-B0D4-CAAD1EE6DE5F,2019
1000,Weiltingen_1,37A50CDE-28C2-4CF3-8416-919444CE01C3,2020
1001,Weiltingen_1,37A50CDE-28C2-4CF3-8416-919444CE01C3,2021
1002,Weiltingen_2,1D06A60A-95E5-40AC-8115-E7FD54693689,2015
1003,Weiltingen_2,1D06A60A-95E5-40AC-8115-E7FD54693689,2016
1004,Weiltingen_2,1D06A60A-95E5-40AC-8115-E7FD54693689,2017
1005,Weiltingen_2,1D06A60A-95E5-40AC-8115-E7FD54693689,2018
1006,Weiltingen_2,1D06A60A-95E5-40AC-8115-E7FD54693689,2019
1007,Weiltingen_2,D8ADC3F2-FF27-431F-BEAC-AA0F2EB4D3D5,2020
1008,Weiltingen_2,D8ADC3F2-FF27-431F-BEAC-AA0F2EB4D3D5,2021
1009,Weismain_1,9469892E-5FB3-45DC-889B-8818B6062FD0,2015
1010,Weismain_1,9469892E-5FB3-45DC-889B-8818B6062FD0,2016
1011,Weismain_1,9469892E-5FB3-45DC-889B-8818B6062FD0,2017
1012,Weismain_1,9469892E-5FB3-45DC-889B-8818B6062FD0,2018
1013,Weismain_1,7794492D-532C-4900-A104-0D1FE3AD05E1,2019
1014,Weismain_1,7794492D-532C-4900-A104-0D1FE3AD05E1,2020
1015,Weismain_1,7794492D-532C-4900-A104-0D1FE3AD05E1,2021
1016,Weismain_2,2ACABFCB-9E60-4164-AE9D-62F445C60C36,2015
1017,Weismain_2,2ACABFCB-9E60-4164-AE9D-62F445C60C36,2016
1018,Weismain_2,2ACABFCB-9E60-4164-AE9D-62F445C60C36,2017
1019,Weismain_2,2ACABFCB-9E60-4164-AE9D-62F445C60C36,2018
1020,Weismain_2,EF00D863-A80D-49F5-8A57-C07ED8BFCB48,2019
1021,Weismain_2,EF00D863-A80D-49F5-8A57-C07ED8BFCB48,2020
1022,Weismain_2,EF00D863-A80D-49F5-8A57-C07ED8BFCB48,2021
1023,Weißenburg_i._Bay._1,30882270-ADE7-42CA-BC40-17DE5A1B7A64,2015
1024,Weißenburg_i._Bay._1,30882270-ADE7-42CA-BC40-17DE5A1B7A64,2016
1025,Weißenburg_i._Bay._1,30882270-ADE7-42CA-BC40-17DE5A1B7A64,2017
1026,Weißenburg_i._Bay._1,30882270-ADE7-42CA-BC40-17DE5A1B7A64,2018
1027,Weißenburg_i._Bay._1,40BE00E1-9DA3-4E89-9866-F9749790B0C3,2019
1028,Weißenburg_i._Bay._1,FD87328E-BB5D-4D54-97A5-403946F7C4EF,2020
1029,Weißenburg_i._Bay._1,FD87328E-BB5D-4D54-97A5-403946F7C4EF,2021
1030,Weißenburg_i._Bay._2,EB9B4414-9E56-4D00-9303-D9886B932E63,2015
1031,Weißenburg_i._Bay._2,EB9B4414-9E56-4D00-9303-D9886B932E63,2016
1032,Weißenburg_i._Bay._2,EB9B4414-9E56-4D00-9303-D9886B932E63,2017
1033,Weißenburg_i._Bay._2,EB9B4414-9E56-4D00-9303-D9886B932E63,2018
1034,Weißenburg_i._Bay._2,775286CB-AC94-4244-A697-CE8B2A13EA85,2019
1035,Weißenburg_i._Bay._2,B51B5FB4-1AE6-4810-A234-B75C1A84C178,2020
1036,Weißenburg_i._Bay._2,B51B5FB4-1AE6-4810-A234-B75C1A84C178,2021
1037,Wertach_1,57C71BB0-9B9F-4888-9E37-46FD53204987,2015
1038,Wertach_1,57C71BB0-9B9F-4888-9E37-46FD53204987,2016
1039,Wertach_1,57C71BB0-9B9F-4888-9E37-46FD53204987,2017
1040,Wertach_1,57C71BB0-9B9F-4888-9E37-46FD53204987,2018
1041,Wertach_1,57C71BB0-9B9F-4888-9E37-46FD53204987,2019
1042,Wertach_1,3A5371CF-5A62-410D-8CF6-A0FFFBAA96A3,2020
1043,Wertach_1,3A5371CF-5A62-410D-8CF6-A0FFFBAA96A3,2021
1044,Wertach_2,46989D35-41DA-48B8-9CD7-12AD2765977A,2015
1045,Wertach_2,46989D35-41DA-48B8-9CD7-12AD2765977A,2016
1046,Wertach_2,46989D35-41DA-48B8-9CD7-12AD2765977A,2017
1047,Wertach_2,46989D35-41DA-48B8-9CD7-12AD2765977A,2018
1048,Wertach_2,46989D35-41DA-48B8-9CD7-12AD2765977A,2019
1049,Wertach_2,F8CBDC08-1E09-4ACA-927A-7DC606C36184,2020
1050,Wertach_2,F8CBDC08-1E09-4ACA-927A-7DC606C36184,2021
1051,Wolfersdorf_1,4E740F0D-5062-47D7-B2B7-66F68E2D9B85,2015
1052,Wolfersdorf_1,4E740F0D-5062-47D7-B2B7-66F68E2D9B85,2016
1053,Wolfersdorf_1,4E740F0D-5062-47D7-B2B7-66F68E2D9B85,2017
1054,Wolfersdorf_1,4E740F0D-5062-47D7-B2B7-66F68E2D9B85,2018
1055,Wolfersdorf_1,4E740F0D-5062-47D7-B2B7-66F68E2D9B85,2019
1056,Wolfersdorf_1,4E740F0D-5062-47D7-B2B7-66F68E2D9B85,2020
1057,Wolfersdorf_1,4E740F0D-5062-47D7-B2B7-66F68E2D9B85,2021
1058,Wolfersdorf_2,5238D090-E5A7-40D5-B6AC-0B9B9CFC5D44,2015
1059,Wolfersdorf_2,5238D090-E5A7-40D5-B6AC-0B9B9CFC5D44,2016
1060,Wolfersdorf_2,5238D090-E5A7-40D5-B6AC-0B9B9CFC5D44,2017
1061,Wolfersdorf_2,5238D090-E5A7-40D5-B6AC-0B9B9CFC5D44,2018
1062,Wolfersdorf_2,5238D090-E5A7-40D5-B6AC-0B9B9CFC5D44,2019
1063,Wolfersdorf_2,5238D090-E5A7-40D5-B6AC-0B9B9CFC5D44,2020
1064,Wolfersdorf_2,5238D090-E5A7-40D5-B6AC-0B9B9CFC5D44,2021
1065,Wonsees_1,0D316ED1-06DA-4D5D-9ABF-87ED902AA011,2015
1066,Wonsees_1,0D316ED1-06DA-4D5D-9ABF-87ED902AA011,2016
1067,Wonsees_1,0D316ED1-06DA-4D5D-9ABF-87ED902AA011,2017
1068,Wonsees_1,0D316ED1-06DA-4D5D-9ABF-87ED902AA011,2018
1069,Wonsees_1,0D316ED1-06DA-4D5D-9ABF-87ED902AA011,2019
1070,Wonsees_1,0D316ED1-06DA-4D5D-9ABF-87ED902AA011,2020
1071,Wonsees_1,0D316ED1-06DA-4D5D-9ABF-87ED902AA011,2021
1072,Wonsees_2,889D188C-5F3C-437E-A176-DAE09ED0FF5A,2015
1073,Wonsees_2,889D188C-5F3C-437E-A176-DAE09ED0FF5A,2016
1074,Wonsees_2,889D188C-5F3C-437E-A176-DAE09ED0FF5A,2017
1075,Wonsees_2,889D188C-5F3C-437E-A176-DAE09ED0FF5A,2018
1076,Wonsees_2,889D188C-5F3C-437E-A176-DAE09ED0FF5A,2019
1077,Wonsees_2,889D188C-5F3C-437E-A176-DAE09ED0FF5A,2020
1078,Wonsees_2,889D188C-5F3C-437E-A176-DAE09ED0FF5A,2021
1079,Ziemetshausen_1,0D64CB4C-5FC0-40EE-B08D-FE53CDCA8641,2015
1080,Ziemetshausen_1,0D64CB4C-5FC0-40EE-B08D-FE53CDCA8641,2016
1081,Ziemetshausen_1,4B03BB4E-CB1B-40D7-B05E-F5F91A630C59,2017
1082,Ziemetshausen_1,4B03BB4E-CB1B-40D7-B05E-F5F91A630C59,2018
1083,Ziemetshausen_1,4B03BB4E-CB1B-40D7-B05E-F5F91A630C59,2019
1084,Ziemetshausen_1,ECBD3C34-A273-4517-A06F-4EAF121AD17D,2020
1085,Ziemetshausen_1,ECBD3C34-A273-4517-A06F-4EAF121AD17D,2021
1086,Ziemetshausen_2,4CBADAEC-1BB6-4817-AC38-60D2DD246FB1,2015
1087,Ziemetshausen_2,4CBADAEC-1BB6-4817-AC38-60D2DD246FB1,2016
1088,Ziemetshausen_2,F72F52AD-CE9E-4D9A-94D4-853B25C097D7,2017
1089,Ziemetshausen_2,F72F52AD-CE9E-4D9A-94D4-853B25C097D7,2018
1090,Ziemetshausen_2,F72F52AD-CE9E-4D9A-94D4-853B25C097D7,2019
1091,Ziemetshausen_2,9E8CFF77-5FA8-4822-8814-1174B342F45B,2020
1092,Ziemetshausen_2,9E8CFF77-5FA8-4822-8814-1174B342F45B,2021
1093,Zusmarshausen_1,E15550D5-A4DB-4C62-B9F5-181A6BA5401E,2015
1094,Zusmarshausen_1,E15550D5-A4DB-4C62-B9F5-181A6BA5401E,2016
1095,Zusmarshausen_1,E15550D5-A4DB-4C62-B9F5-181A6BA5401E,2017
1096,Zusmarshausen_1,E15550D5-A4DB-4C62-B9F5-181A6BA5401E,2018
1097,Zusmarshausen_1,E15550D5-A4DB-4C62-B9F5-181A6BA5401E,2019
1098,Zusmarshausen_1,012FEC08-1937-4F6B-9E58-4B5AC7F13752,2020
1099,Zusmarshausen_1,012FEC08-1937-4F6B-9E58-4B5AC7F13752,2021
1100,Zusmarshausen_2,E30821E7-B985-4B7F-B4CD-4295762FE463,2015
1101,Zusmarshausen_2,E30821E7-B985-4B7F-B4CD-4295762FE463,2016
1102,Zusmarshausen_2,E30821E7-B985-4B7F-B4CD-4295762FE463,2017
1103,Zusmarshausen_2,E30821E7-B985-4B7F-B4CD-4295762FE463,2018
1104,Zusmarshausen_2,46638818-64FC-43E3-BD63-C4B2A2857F72,2019
1105,Zusmarshausen_2,85A73336-F7A5-4D80-9CC9-DBC6BB29B329,2020
1106,Zusmarshausen_2,85A73336-F7A5-4D80-9CC9-DBC6BB29B329,2021
