spruce,spruce_n,sp_prop,globalid
1,868,0.994654732347109,961B4BA5-7979-4B8C-90D2-23E0EF7DC5E3
1,747,0.85599894592545,D3785B89-F8AA-4846-9B60-2FC7F7CCEDA5
1,593,0.679527945025156,CA28A6EC-5BE1-4C17-835D-AED27E222F33
1,787,0.901835569535916,FF13DA21-4B87-4E73-9D65-9487F0C5A112
1,187,0.214286215378928,FEB203EA-4F08-4E37-9CBC-89985EF21498
1,1018,1.16654207088636,61C85D30-29C3-49C8-AEF4-2FDD7686AF3B
1,802,0.91902430338984,E7E02870-1922-4988-8615-1965625E0EAD
1,1087,1.24561024661441,E17619EC-2512-4615-8622-14C5F7C8F786
1,876,1.0038220570692,5EB7A48C-679E-4BA9-A822-73FBD8E09399
1,902,1.03361586241601,EB9B4414-9E56-4D00-9303-D9886B932E63
1,1088,1.24675616220467,DC2E583C-012D-492B-9F7C-576DE4191A89
1,1088,1.24675616220467,F9A79CAB-8F0D-4460-ABAA-2720EA3A51EE
1,713,0.817037815856554,65D064C2-F793-457D-A174-1A7B65A3C2E4
1,999,1.14476967467139,B533A0A3-C522-4D91-8C2A-03F348B4A165
1,1086,1.24446433102415,544A3F9D-CA4D-4F42-BFF7-BCD7C33847C1
1,867,0.993508816756848,5E9FCA91-876B-440D-A3A0-09A5DFDB48BD
1,540,0.618794418741289,F75DD145-EFFE-4F26-AD09-EA93EA274C35
1,723,0.82849697175917,65B78A14-D4F0-43B4-8C1C-BE4F00929E9F
1,892,1.02215670651339,B26F037B-4373-4DB0-B294-CE16D12F19CB
1,447,0.512224268846956,57F5411D-1576-4AAD-9B8D-74A091987818
1,557,0.638274983775737,61148735-18F1-4CD7-9A23-756107EBA3F4
1,672,0.770055276655826,CE935FFE-0B77-41E8-8B8A-A48338954BD3
1,942,1.07945248602647,BF168CB3-750D-4135-866A-15C8477FEB28
1,273,0.312834956141429,B16132BA-FD75-4019-AF3C-D7530DA13FB2
1,1058,1.21237869449682,BEB6BE47-5C86-4413-9DB7-C059FE898163
1,880,1.00840571943025,93286F11-7A34-438F-AA6A-6241583E8E6A
1,575,0.658901464400447,B2EC8364-AB22-41AE-9F2D-7A2075103B3B
1,959,1.09893305106092,3E0828ED-DA5B-4120-A8C7-C6AD01D75A42
1,677,0.775784854607135,64F06458-C66C-4677-9800-985F8FC944BF
1,1030,1.1802930579695,626D0294-ABCA-40A1-B4C2-8AE08EDAAB03
1,1089,1.24790207779493,DB97BDEB-99B3-472D-B4F9-C1A4F033F7F7
1,688,0.788389926100013,624B703C-7863-4654-9C22-A35EB091AFCC
1,855,0.979757829673708,74721FCD-B75B-48DD-9810-0437C00E845C
1,917,1.05080459626993,8C6A3DD2-015D-45D8-8FF8-D15A8F76B561
1,666,0.763179783114257,939D65F4-2304-42A4-B9ED-692A88F7EE82
1,1014,1.16195840852531,807BF79F-1466-4283-BB35-6A78FAF4F9BA
1,1032,1.18258488915002,39F8BBC7-B5F6-4B78-9B52-4334C8D2B0AC
1,1059,1.21352461008708,5F96BB5E-D719-43C2-A3EC-B1971ABBCBD9
1,1084,1.24217249984362,FA548E5C-9CD1-4068-9036-0CC844B4B379
1,1077,1.23415109071179,6670317B-646C-4600-8122-AF3ABDFD5E06
1,1074,1.23071334394101,A7B308CE-5FDB-475E-BB1A-3BA499750552
1,1027,1.17685531119871,7C0DF006-9D90-47E9-BC59-14577963AFF5
1,967,1.10810037578301,2F97C6EF-F989-4806-BE66-9FB4B072C84B
1,989,1.13331051876877,1F27A981-25A8-48B2-8F8B-2B571A74480B
1,1074,1.23071334394101,67BDDBDC-867D-4B67-9DFA-D6C4098A298A
1,964,1.10466262901223,7D1B5D66-EB63-44FA-A396-53309BDFB0E7
1,837,0.959131349048998,1593860F-3E08-4088-AC3C-54DEAD6EA530
1,1088,1.24675616220467,D563644C-5800-4789-8EF8-B37EE22C072F
1,1085,1.24331841543389,9B07E228-2829-4AD5-8270-501A7D15E280
1,1106,1.26738264282938,121C144E-9EFB-4D71-854B-04CF978A9F25
1,1113,1.27540405196121,82A5EE14-92EC-4299-96CF-13B4EFE9A9F1
1,756,0.866312186237805,446B0238-4BA8-4F45-A650-E6883E0F9F7C
1,1104,1.26509081164886,FC545CF6-18C8-4AF0-AD83-8143C4901D68
1,619,0.709321750371959,1892A0B1-A550-4423-850F-8F710F91ED27
1,928,1.06340966776281,A0F31FC5-21CB-45CC-A893-42489B220DB3
1,730,0.836518380891002,385D7E19-2D17-480F-828B-4ACB7B9845F8
1,382,0.437739755479949,3168F6AB-AB5B-4841-BB2D-F3C4893B8195
1,778,0.891522329223561,ACB873FA-5E60-4144-9F7A-51779440ED73
1,629,0.720780906274576,B623CACD-F12D-43DA-9EF3-EAADC52FBD35
1,584,0.669214704712802,83E4F87A-7413-479E-83F5-F7DD4C2B96B3
1,991,1.13560234994929,A94A9D61-E305-495D-83E1-9DBCBD395977
1,951,1.08976572633883,C6FE1A14-A5C7-47A4-9347-4083D3560553
1,652,0.747136964850593,495BF42A-9017-4B00-AB6F-EC592D162700
1,1084,1.24217249984362,CAE0A588-C73D-4389-AF43-EA22E31B0117
1,941,1.07830657043621,F9FB12E7-A68A-4481-87B8-7D360EDCF4B0
1,1067,1.22269193480918,DC8932A3-4CB7-4C42-B2DF-50806ABF2C02
1,1123,1.28686320786383,FDED0EBA-3A1E-4065-A0D9-684CFEAE44ED
1,882,1.01069755061077,0735A046-EF9C-4F44-B83F-DFD5194FAEFD
1,923,1.0576800898115,16622072-13C8-4CCD-9A11-501A19B7A0A8
1,726,0.831934718529955,DBE802C8-CEF0-4293-BB25-B8363D7CFBE0
1,1100,1.26050714928781,4FAA03D7-882A-462D-AD04-752F03F84BCE
1,947,1.08518206397778,1557D362-F231-4A47-9976-7063820397C1
1,1060,1.21467052567735,16FF8BED-0B5D-4ACD-A465-0907634FED2B
1,1076,1.23300517512153,E4913E3E-FADB-4B39-8627-21BBCE1C3F5E
1,1045,1.19748179182342,600C51FC-5ACC-4194-BD18-23CE59DD815A
1,1070,1.22612968157996,3B99DB06-1520-49E0-9707-7C1916CFFFC3
1,1056,1.2100868633163,F88F45C7-B3F7-4FA3-B3EF-FF9EC22E1B58
1,1038,1.18946038269159,376EFBF1-BF62-40CD-A8FD-519F9154BDC5
1,757,0.867458101828066,FF564F42-EE4B-4776-BFF7-3ED0F800E87A
1,606,0.694424847698558,A5DA1D03-DEE7-431E-B11C-0D864BC0D933
1,777,0.890376413633299,67921B17-124C-4F0E-B683-2D2CF3FA40AE
1,1083,1.24102658425336,635C899C-EE2E-451A-B388-B9F18F0152DE
1,1082,1.2398806686631,67376B38-CE82-4657-B014-6AB106DE1782
1,776,0.889230498043038,FE168412-8843-430C-8F75-241E3D0733D8
1,1061,1.21581644126761,C33AC7D6-B597-4B3A-ACF0-3F28B5B4F05C
1,892,1.02215670651339,82138B44-755A-49AE-B47C-6FE8CDD02932
1,1156,1.32467842234246,FA67E0E8-8FB2-4A38-BB5B-0FEC711904A5
1,1088,1.24675616220467,06313834-CEEF-49CF-8B47-EC30CEBB5477
1,1027,1.17685531119871,662BE2F4-F74F-42FB-815F-22A0751D0797
1,1121,1.28457137668331,E200B7EA-095E-4961-8C85-42908CACAFDB
1,410,0.469825392007275,0FA964AA-78A0-4C17-829E-B16A9E7466F7
1,1067,1.22269193480918,74F3EDC7-525B-49A8-B82E-381651F818BB
1,1074,1.23071334394101,C814BA90-6F33-46F6-832D-E72D3B560985
1,1101,1.26165306487807,F65C1F6A-876D-4317-9070-805AF55878C5
1,816,0.935067121653504,D958B25A-1B29-4230-9B01-0DE7A94A87F5
1,701,0.803286828773414,4826784B-6D9B-4CB6-B431-14132184BCB7
1,378,0.433156093118902,CE5AB144-12BB-4815-9CC4-DFFE28950CB5
1,1048,1.20091953859421,EC1B6963-339B-40AC-B87F-FC8DF8CD3566
1,224,0.256685092218609,B386CC86-5F89-4AC5-8D2B-A5F8543AB2EC
1,376,0.430864261938379,268C0636-F0E5-4516-8B0A-2BE752C74F05
1,1054,1.20779503213578,C9C7F9FB-CA5C-40DB-B3B7-4E8AC79262C0
1,1040,1.19175221387211,00D798B0-9DD3-4AA3-BBAF-9B0765C09FF8
1,1055,1.20894094772604,BBB68992-B08B-411F-BC03-5C604E6E0838
1,1068,1.22383785039944,C93843BE-AD20-4A88-849C-8D4F749B716E
1,902,1.03361586241601,2F2511B1-99A6-46A3-B236-6AC64A1313C9
1,1056,1.2100868633163,78AD63C7-388B-47F4-B000-7126DCDAA468
1,1115,1.27769588314174,9DDA78A2-3B6B-48E8-BFB0-F34C3019F9FF
1,942,1.07945248602647,0C12DE27-3149-4813-9C7A-54214B963349
1,374,0.428572430757856,4454B9E7-7CE2-458D-A2B1-F525C2469777
1,198,0.226891286871806,F588796B-18E0-466E-935C-1FA3592F5A31
1,967,1.10810037578301,CF14411F-1ACD-4977-BDA2-8B85C784A216
1,645,0.739115555718762,0AC15AF6-26CC-4575-8C8D-EDB6B1D46287
1,903,1.03476177800627,0A15799F-B41C-4A7E-80F2-911FA38DE64F
1,534,0.611918925199719,32C4D02A-7E69-4258-BEA4-6627AB8E26B7
1,1115,1.27769588314174,88B30C55-76BD-4584-A14D-85CD68534632
1,1060,1.21467052567735,9AFADF22-7D7B-4B55-AC99-7031DB44F720
1,851,0.975174167312661,F27C3197-8092-4AF9-9B6F-A7911614DE60
1,1078,1.23529700630206,C7D6C766-95AD-4295-9E6B-38D2000D6F7A
1,1117,1.27998771432226,CC627A13-F997-4D12-AB1B-6208D8D17661
1,912,1.04507501831862,933E55B3-4FD9-4754-9240-917E34D5E8B5
1,622,0.712759497142744,E917263C-05AD-4387-9BA9-2EBD7176783E
1,679,0.778076685787658,27315615-80D8-4A46-8237-61BD30F2D7B5
1,1120,1.28342546109304,6B9E8ADD-EA1F-4B68-922D-C610F20E4576
1,1119,1.28227954550278,2437E20B-2831-4558-A2D7-3EFB18AE5DFE
1,1082,1.2398806686631,09F74F55-2796-4341-B7EE-ED4CE6017811
1,1081,1.23873475307284,563B1139-58F5-4948-BA79-DB4F24F413F4
1,1122,1.28571729227357,E7D1D494-FE81-4C5E-9248-0AF17516A5D0
1,473,0.542018074193759,4BCB08B1-B4AF-46A1-9750-6D906BEA8100
1,1033,1.18373080474028,A2F288E5-0FCA-40E0-803C-3040187FF50A
1,305,0.349504255029802,87AAA22D-D8DC-4D82-ACF9-FB2332F49F46
1,1089,1.24790207779493,64BD49E4-A9DF-45BA-801F-C9921BD3BEC4
1,944,1.08174431720699,7FBF986D-B03E-49B5-9102-63B33EEA5831
1,1072,1.22842151276049,B4A10F13-58C4-49EC-B924-68674BA3D2B2
1,1073,1.22956742835075,C69A9197-618F-4DA5-8E6F-51330AFB6999
1,905,1.03705360918679,B1D4FD66-4331-432D-B1D1-282B14A574EA
1,946,1.08403614838752,57F8C750-4153-414A-900B-B3C2E72E8441
1,1089,1.24790207779493,0718EEEE-A45E-40C5-9BE6-83EDE98B7035
1,267,0.30595946259986,4F0CAEA6-D57A-49C8-AE15-F7E61E791A49
1,347,0.397632709820791,2AB2564C-063E-4B24-9EDC-D928DE4404F2
1,853,0.977465998493184,46EE9860-BB75-4367-B40C-2466D391F3E6
1,583,0.66806878912254,D123F18B-98C8-4298-AF57-6E8D78BE1ED9
1,661,0.757450205162948,B2703C38-D5A8-4615-9C24-0E809CD11C54
1,356,0.407945950133146,8C27D77F-1F31-4A11-A688-6C8DC5589CEA
1,509,0.583271035443178,F8E7C51A-EF61-4FB4-8FC5-39EC34FD0AB7
1,821,0.940796699604812,28B8BA3C-6D36-4E65-B813-883757F54A44
1,1056,1.2100868633163,3E992497-2CB4-45C3-926F-AD2772748845
1,216,0.247517767496516,974D196E-F40F-4DB6-8B1B-3021626F15E9
1,1088,1.24675616220467,0AA3B890-C2E9-4F8C-85AD-83B88C407FDD
1,924,1.05882600540176,43792E6F-444E-499B-8222-8F251A6E4ABE
1,781,0.894960075994346,BDC950BB-6CB8-4D56-8A8B-3A5DA73F9815
1,950,1.08861981074856,100A691D-4B28-4A23-8899-6FA53B6E0853
1,869,0.995800647937371,A2B4E892-0D47-47E5-9EB3-3204543F0FEB
1,907,1.03934544036731,51D3958B-9B3A-400B-AAC7-9B371D295654
1,1089,1.24790207779493,8BA51165-033B-4DE1-A0ED-088FEBA7E464
1,441,0.505348775305386,88F8BEAF-BF0B-4581-AF4D-31352DF701F8
1,649,0.743699218079809,003417A2-B31D-4DBA-B3C2-9D519E7FDAEC
1,748,0.857144861515712,B26BFE1E-E603-42B7-8D44-24D2FFD83701
1,1045,1.19748179182342,B6F22ACC-3807-4E2C-90D0-C219E5AA3B97
1,968,1.10924629137327,529415EE-FA60-4462-9E03-21B7F63E8545
1,534,0.611918925199719,965ADF5D-D2FD-4E0A-8A46-C5A9F5D28005
1,1046,1.19862770741368,2045113F-D407-4A39-8870-6F0564F03567
1,1100,1.26050714928781,FB2E4202-0FF6-42C3-A34B-EA64AFD6ADE7
1,47,0.0538580327422974,B249F090-BFD1-406B-B50A-AE60ABE56DBF
1,557,0.638274983775737,3B484A06-00CE-4887-B032-CDD7C87E02F6
1,742,0.850269367974142,CC08394C-6790-4FC5-A0ED-C0A70508D49F
1,1036,1.18716855151107,137D1D43-536E-4C84-9F17-6CA5DDD67CF4
1,1080,1.23758883748258,73C6F7D5-959A-4993-899D-C0D8C58CD111
1,702,0.804432744363676,DA8472D9-F334-4FEE-99A3-12080FA76D48
1,355,0.406800034542885,18FF64B2-3597-4E1F-BD6C-74B04A8376B3
1,942,1.07945248602647,25637120-08DC-4BFB-B6B8-F2282CE8204B
1,977,1.11955953168563,513DFF01-30D2-4CF9-8FFE-3AFCD766B260
1,1088,1.24675616220467,67AC1FAC-F3EF-4243-837B-B95755041725
1,501,0.574103710721085,70950D6F-D4EA-4E10-A8DC-EF00506A566E
1,839,0.961423180229521,0F3BB5F1-8F27-44E3-99CC-265DEA634DF6
1,650,0.74484513367007,35F52211-1985-46EF-92CC-B5183DC4F03F
1,811,0.929337543702195,0E5AAFC9-1D60-4279-9C00-2652D0475680
1,1067,1.22269193480918,43D65FCA-03E8-451C-BCD2-08980DE1DDED
1,1155,1.3235325067522,32F9981C-B047-49C7-9E13-0E6893CD5DDB
1,776,0.889230498043038,6C0EF5A6-B6A3-4AE6-9DF0-DF307F2EDE62
1,297,0.340336930307709,6DA66C06-45C0-4A73-A77E-F2FBC1E8DD7A
1,1077,1.23415109071179,4753AA3E-5AC5-4B5B-9B7E-5336390D6F3E
1,602,0.689841185337511,21853C3B-FD14-42ED-9717-FB294F2B3C61
1,389,0.44576116461178,863BD9B1-BF95-49F5-880A-436DDC5A48FE
1,1085,1.24331841543389,28C28BEC-2A34-4667-AFEB-D8241A2145E8
1,1152,1.32009475998142,0E896F76-4738-4975-8C9E-CA9DBDF0ADD3
1,713,0.817037815856554,6360DA6C-78DE-470D-B219-F50E59C48042
1,1011,1.15852066175452,08E6CD25-74C8-44A2-A650-4362FD0BCF84
1,1052,1.20550320095525,42B88726-BEFD-4849-8FA6-CFEAF28E7677
1,924,1.05882600540176,2C1E684D-CBBF-4A96-86AD-03A0A6D20E80
1,1121,1.28457137668331,77AF51E4-1481-4D10-A777-6AD4D894736F
1,832,0.95340177109769,DFDA10AF-824F-44FA-ABD9-C567A04C03F7
1,902,1.03361586241601,0010C7C3-C8BC-44D3-8F6E-4445CB8B1DC9
1,1086,1.24446433102415,2E47640D-8174-4621-9F73-3023BE3DFEC5
1,446,0.511078353256694,24B8B29D-3BBC-402C-A706-534CB2825822
1,913,1.04622093390888,07654F60-4BC8-4FFC-A808-EAD30A3F632D
1,726,0.831934718529955,955E5CFD-FAFE-4AD6-8C42-ABA5D870EFF6
1,739,0.846831621203357,1D52484A-0AF7-4E3C-BF28-9E7ED6A89B2F
1,1089,1.24790207779493,1AB43767-0FCD-4DA4-9695-D21312744F97
1,408,0.467533560826752,1492D5FF-A58D-43EF-927B-0999DF992952
1,841,0.963715011410045,0E18D11D-F817-44C7-BDF5-C948076EEBB5
1,1054,1.20779503213578,14CDEBD1-1AA9-4365-863A-E7B398CE0913
1,1140,1.30634377289828,5FC56CDF-941C-4A20-B2E1-2613A6C92438
1,436,0.499619197354078,D916DB61-3DBB-48D5-8DC6-77763A0E49F8
1,1015,1.16310432411557,EF00D863-A80D-49F5-8A57-C07ED8BFCB48
1,1083,1.24102658425336,7794492D-532C-4900-A104-0D1FE3AD05E1
1,1035,1.1860226359208,EE2AF528-4777-456F-88CD-D1EC3AEF1970
1,867,0.993508816756848,449B0F6E-AA67-46AF-A633-B5C00708E82E
1,403,0.461803982875444,4E740F0D-5062-47D7-B2B7-66F68E2D9B85
1,323,0.370130735654512,5238D090-E5A7-40D5-B6AC-0B9B9CFC5D44
1,650,0.74484513367007,0D316ED1-06DA-4D5D-9ABF-87ED902AA011
1,844,0.96715275818083,889D188C-5F3C-437E-A176-DAE09ED0FF5A
1,1089,1.24790207779493,D8703586-8F59-4FDB-8A37-D77E4DDFCC0C
1,1022,1.1711257332474,6D2E81C7-4FF6-4108-9FBE-48C59AB1D409
1,814,0.93277529047298,8050D884-4974-42A5-B439-4D1AB7C779FB
1,499,0.571811879540562,219D6B3A-D0B7-42B4-8CD6-719BAD220BC5
1,1030,1.1802930579695,4CBADAEC-1BB6-4817-AC38-60D2DD246FB1
1,919,1.05309642745045,0D64CB4C-5FC0-40EE-B08D-FE53CDCA8641
1,385,0.441177502250734,3E105F5B-10CC-4A15-B0B5-4672CBCB1E49
1,826,0.94652627755612,5909C0D8-C285-4DED-8C1E-6575C1F8040E
1,377,0.432010177528641,D613A9B5-DAC7-414F-9B6E-017A0B0FA18F
1,1082,1.2398806686631,096296E6-CA7A-4FE8-BE9E-A3B77D180B91
1,1081,1.23873475307284,94CB974C-A69F-4E6D-97C1-96F320D85CD5
1,1152,1.32009475998142,C909F048-4E62-4738-B8E1-287C4F108272
1,434,0.497327366173555,66AFD6D8-4DF8-49E9-9507-7874A878A276
1,1120,1.28342546109304,52792347-4AAD-4AA3-A080-E43301A7FC07
1,1117,1.27998771432226,71551FBA-1F57-4343-9EC2-7BC40C90678A
1,517,0.592438360165271,515D2A9D-AC06-4E47-A4AD-BCE777364C9D
1,1016,1.16425023970583,97CCCFA9-C389-4C4D-9A2B-EFB3DA3235CA
1,1060,1.21467052567735,084F503C-C200-48F9-AF0D-69BED44A76CC
1,696,0.797557250822106,192A0841-4A38-42F0-B2D6-5017CD0D5E41
1,470,0.538580327422974,43985854-D984-4588-9663-7F82BF98FB20
1,563,0.645150477317307,E23DBD8B-53FD-40D1-B907-4ED031A60136
1,769,0.881209088911206,C20AF3FC-8E02-47FD-B3A3-2673C09CD568
1,429,0.491597788222246,9E4C37AF-2F20-4005-A55B-4C83DAA9D266
1,223,0.255539176628347,1A2AFFD6-2FE4-401D-BE45-2011F98317E3
1,1066,1.22154601921892,C50AE506-78DC-492A-98F1-E4CF90ACD1B5
1,285,0.326585943224569,573612D3-E983-4494-91EE-54497F6A6555
1,17,0.019480565034448,FE57383B-3769-408C-B6F6-05E12EAF146F
1,1134,1.29946827935671,A0BECC24-8194-42A0-914A-8DD7443F4919
1,899,1.03017811564522,4E84ADCB-CAD2-4B7C-A081-B4F412F64BB8
1,894,1.02444853769391,E6587059-D057-4B3D-A115-BF4E75511C2B
1,213,0.244080020725731,B18FDE79-27B2-4A20-930D-B12D42EEEF91
1,939,1.07601473925569,860E3634-069C-4D4F-8BB0-E469C157571A
1,1065,1.22040010362865,9AC28FCD-17BB-4940-B782-0E87B094E7DF
1,918,1.05195051186019,B09B9519-A9FB-407E-AB4F-958183967F7E
1,813,0.931629374882719,C07DE37F-752F-4DBE-8162-00006068D9BD
1,698,0.799849082002629,DCB796D5-021A-4437-880F-9A3A16B80BCC
1,533,0.610773009609458,437FDB9F-8F54-429B-A901-3B2ECD08764C
1,205,0.234912696003638,D4CBB169-6890-4FB4-A8CF-3AC6A1759289
1,776,0.889230498043038,21C1707D-8651-44B2-AB09-0C34BD1F7838
1,786,0.900689653945654,3A2DD442-D61E-465A-95AC-E7230BAA93F3
1,918,1.05195051186019,55DD7A81-695D-41E9-9772-F8DFDA1F847F
1,1068,1.22383785039944,E5DBCD7C-D950-4935-8B64-3F420BF55D8D
1,1114,1.27654996755147,37D09E5A-389E-4EFA-904E-C49F5FB05340
1,708,0.811308237905246,AA0CD71E-16CE-4660-B99C-EE09CA6A1B1C
1,1024,1.17341756442793,3CC2240A-A81C-4927-BCC5-8DE39B711617
1,962,1.1023707978317,BF4E09F4-2B26-4D59-82F4-0E11844CF25C
1,960,1.10007896665118,9469892E-5FB3-45DC-889B-8818B6062FD0
1,1009,1.156228830574,2ACABFCB-9E60-4164-AE9D-62F445C60C36
1,509,0.583271035443178,E30821E7-B985-4B7F-B4CD-4295762FE463
1,447,0.512224268846956,63496736-9792-4C29-B360-7F15D7AFBA9A
1,516,0.59129244457501,0D5AB698-459F-4876-BBBD-FF1A8298E296
1,1080,1.23758883748258,CB6D7377-B305-44DB-87CA-E886012CDE81
1,1063,1.21810827244813,375D8172-F3E3-452B-88E5-570CDABCAEC5
1,592,0.678382029434895,BAC7075F-F972-43C9-96DB-DD4EA4DA897F
1,571,0.6543178020394,0339C0A0-F557-4401-AF0B-914C43B6B55E
1,895,1.02559445328417,30882270-ADE7-42CA-BC40-17DE5A1B7A64
1,771,0.88350092009173,D3FCA82C-3502-41FA-9783-3C31F40B49F5
1,663,0.759742036343472,8B61AA12-D27F-4B4E-88F7-E961B4587106
1,689,0.789535841690274,25987B67-FB35-440E-A789-15944A7AC180
1,123,0.140947617602183,3CA57C15-4A6B-43BE-AFDE-5A8DC38BEFFD
1,153,0.175325085310032,98E2ABDD-3EDC-41AE-8B92-B6E4EAD3A447
1,1106,1.26738264282938,5D79C252-D6A5-4D47-962D-63E5C4D17F05
1,1065,1.22040010362865,D9E92DF6-2FD2-4A28-A5E0-42332A7E2BB3
1,1056,1.2100868633163,CEA06626-2E6F-474F-92EF-D0F00A1B5685
1,1119,1.28227954550278,D9C3A0C3-A303-418A-ADC8-B2158741E982
1,562,0.644004561727045,D07C1DDF-1AF4-4BCE-AD2B-75A02BA27FD7
1,1071,1.22727559717022,8041C2CF-95D2-4A3A-81B1-CB155F8CA3E5
1,1092,1.25133982456572,6771E550-344C-4B1F-BEF3-D9923CD37E72
1,972,1.11382995373432,7204332B-8441-41D8-98D3-92E4EDD1D0D6
1,1084,1.24217249984362,CA4E180C-1652-4C68-ADEE-414EC9A06CC9
1,1074,1.23071334394101,4F8F0E90-ADC6-4FBA-86DD-79D15FD88E2D
1,1117,1.27998771432226,7371B6A9-4B60-46EE-976C-ADF54E0C4C9D
1,271,0.310543124960906,3EC3B82E-8359-47D5-9E25-471DE274FA61
1,444,0.508786522076171,820BB15F-CB94-4B05-BACC-211CF240FFFF
1,1057,1.21123277890656,445A31E7-0A4D-4B32-8D97-8E6218280F2A
1,799,0.915586556619056,C7D1673E-CBDE-4B94-9C9D-B79278215A74
1,896,1.02674036887444,C59DD191-E915-43B6-B3BC-7A53A4866464
1,777,0.890376413633299,187E6EEC-C8BD-46DE-9922-F0552EFD2DAE
1,658,0.754012458392163,74E3A002-8D9A-4123-9D20-29625B50392F
1,280,0.320856365273261,0B3A9605-9183-4B9B-9BFF-C19EE622409C
1,178,0.203972975066573,64B35022-D325-40FF-894F-77F565ADA5F4
1,899,1.03017811564522,DB35CE45-6461-4621-838B-26681187E988
1,1022,1.1711257332474,1AA2C9C5-1139-43E4-BEDE-74286D2649A0
1,918,1.05195051186019,A79D616D-40F3-4F2E-881D-0B1300155E56
1,267,0.30595946259986,43DA9F21-67E2-4B80-8379-26AD6A6651E0
1,1024,1.17341756442793,40BE00E1-9DA3-4E89-9866-F9749790B0C3
1,1047,1.19977362300394,775286CB-AC94-4244-A697-CE8B2A13EA85
1,351,0.402216372181838,5924D75C-C165-4551-A14E-C370444E5B9D
1,1088,1.24675616220467,3E789721-2EB2-427E-83BA-8EFF99CEDA7F
1,1062,1.21696235685787,F2607872-9BAB-42B6-9259-34DD492BD0B0
1,649,0.743699218079809,78739B83-5A45-42EE-A1E7-706DF273F7AF
1,902,1.03361586241601,4DB5C657-B76F-4D5D-9F8E-A12BB3222A73
1,873,1.00038431029842,B15C2C48-1087-4B40-87D4-5A9672406FEB
1,470,0.538580327422974,7E141D74-306E-4666-8D95-557869BA56EB
1,996,1.1413319279006,A5FFD1BD-F26A-4A23-8710-52FE27FA0EAD
1,629,0.720780906274576,6CECBC3C-F69B-4A5C-9E41-B053F92DA5B4
1,939,1.07601473925569,37E3B5F6-76E4-4CDA-91B4-FADA03A033DD
1,927,1.06226375217255,2B498419-ECAE-4379-9766-975F96250E34
1,869,0.995800647937371,0ED58AC8-1B3F-4750-A2CD-B8DB56897D4A
1,948,1.08632797956804,CA4848C9-1339-4846-A8A7-0507A27CC355
1,1107,1.26852855841964,D384FE5E-C69A-4E67-A65A-A298684FDEEC
1,634,0.726510484225884,F301DD9E-5B81-432A-8E61-D31886621DA6
1,634,0.726510484225884,708A54CA-15C5-434E-900D-49F296CFC5D8
1,459,0.525975255930096,398807BF-72C8-4C3C-8436-3A747566C733
1,521,0.597022022526318,F57E9CA1-0FA5-4170-B48F-4FF614B44614
1,1052,1.20550320095525,04A25F86-E691-48A2-B403-0C920F77B539
1,1115,1.27769588314174,A094118A-69BB-4399-B11F-B2768C69EA8E
1,1073,1.22956742835075,92A5B275-B225-44A6-8BFB-D3AEC49C75EE
1,1121,1.28457137668331,1EAE9E80-D8FA-4404-A1B3-66EAF7F1061A
1,701,0.803286828773414,9A355BAA-43CC-4004-BFF8-8A3BEF2C1263
1,976,1.11841361609537,50F5B0BC-399C-4012-B854-981261CFC836
1,1048,1.20091953859421,6F7A15EC-5EEA-4953-A20B-7CBFC5FE933D
1,645,0.739115555718762,5561D31D-A700-4DDC-BDD6-E43D3E62B95C
1,641,0.734531893357715,6DBB1ACB-41DC-4ACD-9A46-66DB4AB1414E
1,762,0.873187679779375,41A32AFD-A0D7-4E42-AF9B-633B76B1B21E
1,1057,1.21123277890656,5094EE04-674A-4EE8-B67B-71B9B2FB2DF5
1,522,0.598167938116579,B069B775-0287-42DA-95A2-402817E1D412
1,1010,1.15737474616426,28D28C5A-8818-483B-8515-95763D579F61
1,833,0.954547686687951,408DA683-6C38-4D3B-B5AE-73B9EC38A6BF
1,207,0.237204527184161,F83E5753-74F2-4A8F-A358-D829D0F1315C
1,244,0.279603404023842,BDC3BCEC-EE7E-4772-B789-0E83B9936F88
1,1078,1.23529700630206,CB3A1D10-A950-405E-9CA0-B213AF1B4B11
1,467,0.535142580652189,7E103BF9-969B-43C1-8317-7CBF804C1756
1,649,0.743699218079809,875C669C-604B-47F8-8F76-248BEAE5CE0D
1,968,1.10924629137327,E81F11FE-86A4-4907-8635-1E899DB92B61
1,898,1.02903220005496,5A55600E-30E1-44ED-B2EE-5A2A5D22F368
1,1035,1.1860226359208,E9B7AA55-535A-40F4-B99D-35A12EDE229C
1,1094,1.25363165574624,EEF6FA62-8619-426E-885A-18CEA063F138
1,994,1.13904009672008,FB3750CD-C9B3-43E8-88ED-075359C4E886
1,1121,1.28457137668331,B290995B-DC22-4E06-8BB7-EAAC6EE49E09
1,1101,1.26165306487807,4C58C493-2A7A-4850-9D1A-96A540475731
1,1026,1.17570939560845,B98F19CD-A2CD-48F1-979A-A34148CEB90A
1,646,0.740261471309024,569BB608-BBE7-4794-ACCF-EA9902CA00C6
1,776,0.889230498043038,0B99D18F-A437-415D-A2B3-B1E991D81521
1,1059,1.21352461008708,AD6C1FE7-D502-412A-A20A-3EBB403EF8FE
1,1098,1.25821531810729,E5DF1561-3301-462F-860C-EA2B5DB00D1A
1,549,0.629107659053644,61B6B26B-B8D7-4F71-8DB9-543AC9ABE6FD
1,557,0.638274983775737,F1705F40-4358-42E3-AA97-D1C760C44806
1,1116,1.278841798732,6006CC08-8B06-48FF-B285-16133A44652A
1,832,0.95340177109769,C5096F96-28AB-4605-9E28-33D648120FAB
1,944,1.08174431720699,964F395E-A9B4-4614-823C-803A061979AB
1,1122,1.28571729227357,20379645-0F24-44F9-AB17-99ABC9CF447A
1,1098,1.25821531810729,D4E804EB-02F5-4697-B580-F07937144E32
1,611,0.700154425649866,A2DE4444-78CD-42F9-B0D4-CAAD1EE6DE5F
1,400,0.458366236104659,1D06A60A-95E5-40AC-8115-E7FD54693689
1,1086,1.24446433102415,52C25A37-C08C-43DC-B051-DC20854BB74F
1,1121,1.28457137668331,57C71BB0-9B9F-4888-9E37-46FD53204987
1,932,1.06799333012385,46989D35-41DA-48B8-9CD7-12AD2765977A
1,955,1.09434938869987,4B03BB4E-CB1B-40D7-B05E-F5F91A630C59
1,867,0.993508816756848,F72F52AD-CE9E-4D9A-94D4-853B25C097D7
1,972,1.11382995373432,E15550D5-A4DB-4C62-B9F5-181A6BA5401E
1,1019,1.16768798647662,46638818-64FC-43E3-BD63-C4B2A2857F72
1,1086,1.24446433102415,A962CB1E-FE3B-47B4-8C20-8507EADF08D5
1,1088,1.24675616220467,9FD90E97-9C4E-478F-9A89-724C74C95FDC
1,1156,1.32467842234246,B5DC9415-8243-4094-AF92-EA7F304943D9
1,867,0.993508816756848,4A3FD6EB-75C9-4D47-9E92-15BF9BD8FAF1
1,1067,1.22269193480918,238530EF-FDEF-42A8-BB78-FF8E9DD4EDDB
1,951,1.08976572633883,DD0BE6B8-8E0E-4748-B5EC-EE0D1F0584FF
1,991,1.13560234994929,76B987A5-8507-4698-AC13-877779DD70D5
1,1100,1.26050714928781,019A1F0D-C6D3-41A4-822E-DBE7D4155859
1,1072,1.22842151276049,D19CEEBA-B6B2-4948-BFAD-8502EC989914
1,1117,1.27998771432226,102C38CF-B13B-49AC-B96E-CD3C13AC6ACE
1,1124,1.28800912345409,5C4EF956-032D-4ADE-BBBF-F98513F13964
1,876,1.0038220570692,8AE3206B-5577-423B-B4E5-17AFEFA57D61
1,1012,1.15966657734479,8A662B21-E792-4E8E-A94C-D9F6194FE46C
1,1070,1.22612968157996,615D30F3-D7FA-4ADD-95A6-76E2E6795057
1,576,0.660047379990708,779B9DFB-1780-4FA1-9DD8-8C66CDAC5F37
1,509,0.583271035443178,50F3B4EF-2AF8-45C5-B408-BAB421619ABC
1,728,0.834226549710479,223D1DF4-C0FF-4B5C-9567-80F4C2002A23
1,1055,1.20894094772604,677E6E24-C135-4927-BC0B-FBA3476A20E6
1,854,0.978611914083446,8D3CCDC1-C0A1-486C-9BBF-7140FD3A1316
1,1102,1.26279898046833,2B47D800-006D-4D08-AEE9-2CF89A009FEA
1,1068,1.22383785039944,DE410D35-A44D-4313-803B-418ECD9E2734
1,713,0.817037815856554,54A83584-7553-4967-972D-AF1D40EEE11D
1,1100,1.26050714928781,487F8ACD-952A-47F6-B5D0-C2EE80CEE3F1
1,1036,1.18716855151107,99E47334-A025-475D-9CEF-593E0FA950AF
1,1080,1.23758883748258,6CBA473C-AABF-44FE-8A46-43EE62F86110
1,1068,1.22383785039944,20F5A59D-ACE9-49F6-B569-985EA3CAAABE
1,1121,1.28457137668331,DFAF29DE-731C-4C18-BBBE-C5319EFC169D
1,939,1.07601473925569,B4BD8EC8-713F-47CF-A91D-7BF0F70FC748
1,678,0.776930770197396,D25377E1-B43C-4C88-996C-83CCACF6F724
1,398,0.456074404924135,8074F572-AF14-465D-ACD8-95F1CF943736
1,368,0.421696937216286,8D1AE7B3-D501-436B-8C8F-E909057FA96E
1,764,0.875479510959898,981D27A2-856D-46D4-8AE9-40308132286A
1,847,0.970590504951615,23952D91-81C8-4B15-9A23-4759BEBC4651
1,1057,1.21123277890656,3CDDFB1B-50EF-4397-B4BE-00CE4742A52F
1,911,1.04392910272836,634F4991-3DF6-48B3-9BC6-2BDC02ACEB43
1,777,0.890376413633299,FA18BC39-0D82-45B4-AC11-5D37470E0BDB
1,658,0.754012458392163,D64A9360-CCC8-40AA-992C-0C085C8A907C
1,280,0.320856365273261,FE1F587A-EBB8-4C2F-960A-E2616104F40B
1,219,0.250955514267301,D1E33462-2EAF-4B17-8E78-5DFAE1612C9D
1,1003,1.14935333703243,DC7358D3-49BA-4611-92C7-9525C5BF0E16
1,1075,1.23185925953127,171CF5CD-3289-4484-AF64-B6E33148D7CC
1,954,1.09320347310961,0A11190E-3C58-4395-BFF4-5DBDD4C12FA2
1,1053,1.20664911654551,0F63976E-65E7-4605-B2F9-00D4CED571DB
1,267,0.30595946259986,7A1A38D5-DA82-4F61-AC3A-E47E4397A716
1,382,0.437739755479949,ECB053F9-499F-4A99-871B-7B5AB7F09954
1,1088,1.24675616220467,F3E9D14C-52F8-4070-9CA6-6E391ADA2C7F
1,1062,1.21696235685787,43D52A3D-15F5-447C-A4C3-F05751F9B0BF
1,987,1.13101868758825,13C462EE-B2FF-4915-AE56-0C588E205EDC
1,906,1.03819952477705,69E177F3-DA68-40AF-A600-07819F87579F
1,927,1.06226375217255,3145C0E0-DDAF-4556-BD2C-6B904750E701
1,1064,1.21925418803839,527ADE55-8AD2-484B-B2BD-760C20CF1E8C
1,996,1.1413319279006,A1E046E4-3697-4691-9569-A96E50ACC623
1,123,0.140947617602183,861459C0-AD62-4ACC-A9BF-04BDE1645828
1,157,0.179908747671079,0D0586BE-FE1E-4FAB-ADFA-A6B708F58DD7
1,629,0.720780906274576,0EF3EF2D-AD06-4986-B377-AA2C5AD25FEE
1,939,1.07601473925569,C78983F0-A4FD-4607-A061-8D3A6AE4C4D1
1,929,1.06455558335307,5C1CF6CA-BBD2-4275-8CAF-2575EFA5B3F3
1,940,1.07716065484595,7B3BBC26-D912-43E5-A493-3BCAE07452FD
1,948,1.08632797956804,199D5745-ACCD-4446-A248-579188DC377E
1,1077,1.23415109071179,4F84C701-4E0C-4C47-83FF-DD8D53F0C955
1,321,0.367838904473989,232CC5F8-EF35-4643-AFE6-C655163A2397
1,634,0.726510484225884,F13B02C8-C188-4EF6-8C7A-0E1EFFC2472C
1,536,0.614210756380243,95531458-FCC1-4A10-A2B1-8B763FDCA0FC
1,455,0.521391593569049,4D8B2341-DDE6-4047-B706-64D99E2A4BDF
1,1115,1.27769588314174,719A25B7-77E4-4D49-8DB7-18432309617F
1,1052,1.20550320095525,22FC5FD2-D293-487C-9AFB-1BAF55B119F0
1,1071,1.22727559717022,A8D2AB03-0201-4FCD-AF23-66D2E12AD488
1,1121,1.28457137668331,332A59CD-BAD5-4135-80BA-DD82C69CFC60
1,933,1.06913924571412,7390B141-EA3A-453C-9283-EA3B3180E1EF
1,991,1.13560234994929,2112E482-8D42-4643-B733-2DA43F2E9DAE
1,943,1.08059840161673,DD9A5F70-0D63-461B-99DC-679C9D26E8F8
1,1093,1.25248574015598,2B02CAFC-953B-412F-B99E-A1B665BE9637
1,645,0.739115555718762,18281A87-092E-4615-9648-E4B6518AF115
1,641,0.734531893357715,B3BAC4DB-48BC-4E95-B189-D81420FDEE5D
1,1066,1.22154601921892,A0DC392B-BB5A-4B39-9F09-FC0B47D69412
1,1021,1.16997981765714,33100FC2-98F9-4660-8703-760F74552174
1,522,0.598167938116579,B3244992-F1D2-42E3-AE7A-5A01813765B0
1,999,1.14476967467139,A86CAE75-E097-48D4-B97E-2391FBBAF886
1,790,0.905273316306701,9C112772-7D74-4A26-938E-C17C93BCD04A
1,807,0.924753881341149,20F6C4DC-68FF-4E3F-8720-25FC65FCCC59
1,207,0.237204527184161,812710E9-491A-44CD-823F-67E5CA31365F
1,244,0.279603404023842,99544C3E-FACC-478D-95A6-E5264C2CF18E
1,817,0.936213037243765,5ED8341D-05ED-4A17-8748-D358D499F23D
1,1111,1.27311222078069,C9302037-1A4E-4126-BDB3-582220BE9AEC
1,1020,1.16883390206688,73CC4AE5-D232-403E-A411-17978E1764EA
1,711,0.814745984676031,0C84DFCE-3445-41E7-A4D3-C50EF140C6CB
1,898,1.02903220005496,071D2290-FD5F-41B3-80E8-8EC4E945757E
1,1035,1.1860226359208,5599FA3E-3D05-4307-9A2F-14E6989A92FF
1,1064,1.21925418803839,3627235E-5E23-4A22-8566-4441D56A3B55
1,1027,1.17685531119871,F3D3B62C-8D22-45AC-B846-CBC767E42604
1,1121,1.28457137668331,287AB93F-2129-4485-A00A-706DFB2E4748
1,905,1.03705360918679,08B84CBF-ADA3-4BE0-90D0-6399C641C631
1,875,1.00267614147894,85C3236F-F9B1-42C7-806A-BB1E96970298
1,1130,1.29488461699566,98565772-B4EF-4B73-83DC-5365F2C5BF98
1,1073,1.22956742835075,84617C77-1ECE-4119-8C04-452E41126A05
1,749,0.858290777105973,2B1B52CD-DCC6-4572-9AAE-8FE3375C5DC6
1,621,0.711613581552482,C06D025F-17AD-4B19-BC57-0DD12B2BE4FE
1,826,0.94652627755612,3AEDD4AF-0933-425F-B2D8-9AD4F712D211
1,1087,1.24561024661441,C54BDE44-E3E2-465D-B864-322403EE30C4
1,1095,1.2547775713365,463DD10E-C286-4BE5-8768-65E7EA99B63A
1,549,0.629107659053644,D92E914C-8AAD-4220-B725-230ACA0B8B3F
1,557,0.638274983775737,E94AB78B-A2EF-4653-8A16-E2998F1C7AB4
1,1116,1.278841798732,AFEC3E2F-52E3-4BF4-B131-A042308B25FE
1,962,1.1023707978317,6D8BD011-1E68-4E61-9BCD-EFF32E5A7C91
1,888,1.01757304415234,35AC05F0-2A36-44EB-8050-4A5E1D3B188C
1,1086,1.24446433102415,D16DFB28-CCBE-489E-9A0C-11B77E8945BA
1,921,1.05538825863098,3A5371CF-5A62-410D-8CF6-A0FFFBAA96A3
1,1119,1.28227954550278,F8CBDC08-1E09-4ACA-927A-7DC606C36184
1,919,1.05309642745045,ECBD3C34-A273-4517-A06F-4EAF121AD17D
1,886,1.01528121297182,9E8CFF77-5FA8-4822-8814-1174B342F45B
1,973,1.11497586932458,012FEC08-1937-4F6B-9E58-4B5AC7F13752
1,1019,1.16768798647662,85A73336-F7A5-4D80-9CC9-DBC6BB29B329
1,1086,1.24446433102415,1B90EB3C-7D73-4E47-B49C-7F0CE49EEF1E
1,1088,1.24675616220467,DEBF2465-69F7-40AC-8B54-779490C7B8F4
1,1122,1.28571729227357,B3A0FB79-C470-4AB8-914E-982E86271E72
1,962,1.1023707978317,1242BE22-E24E-421B-997D-07DDABA5D528
1,973,1.11497586932458,A63DD6B9-6AA5-4AF0-8276-A38F45557F30
1,1156,1.32467842234246,D50371C3-0604-42CE-8E83-0DCFEA1C0AA6
1,971,1.11268403814406,0286C4E1-D88A-4884-ACC7-F06DFEC90585
1,952,1.09091164192909,B925FFB3-4979-4B92-820F-BF1A70A20A89
1,641,0.734531893357715,90A0E666-8557-4826-99B8-8176294A392A
1,1064,1.21925418803839,8A3A6661-DF95-4ED4-9035-F608CED34E90
1,1038,1.18946038269159,32796E65-C683-4100-8CF4-3EB326DEDEFF
1,1122,1.28571729227357,D2FE7809-B059-4C33-92EA-09E50C35DA7E
1,1089,1.24790207779493,939EC6F8-76A6-4EDE-989B-30DC62E06AC4
1,658,0.754012458392163,37A50CDE-28C2-4CF3-8416-919444CE01C3
1,534,0.611918925199719,D8ADC3F2-FF27-431F-BEAC-AA0F2EB4D3D5
1,1024,1.17341756442793,FD87328E-BB5D-4D54-97A5-403946F7C4EF
1,1047,1.19977362300394,B51B5FB4-1AE6-4810-A234-B75C1A84C178
1,776,0.889230498043038,12EB0E8F-D23D-4A13-A4FD-FEBF65F40351
1,911,1.04392910272836,3D144D97-6AFD-4B8E-8CE9-958438DCF867
1,318,0.364401157703204,ABD7B1C4-60B2-45E5-9380-434E73CBA148
1,349,0.399924541001315,AD24F7D9-8C82-4DCA-B5E6-D222D48DC6A6
1,564,0.646296392907569,D21FDCAC-D26F-42F3-926A-41F8B9B062B3
