species,species_n,freq,OBJECTID,globalid
0,270,0.23356401384083,1,961B4BA5-7979-4B8C-90D2-23E0EF7DC5E3
1,262,0.226643598615917,1,961B4BA5-7979-4B8C-90D2-23E0EF7DC5E3
2,624,0.539792387543253,1,961B4BA5-7979-4B8C-90D2-23E0EF7DC5E3
0,331,0.303948576675849,2,D3785B89-F8AA-4846-9B60-2FC7F7CCEDA5
1,110,0.101010101010101,2,D3785B89-F8AA-4846-9B60-2FC7F7CCEDA5
2,648,0.59504132231405,2,D3785B89-F8AA-4846-9B60-2FC7F7CCEDA5
0,445,0.396613190730838,3,CA28A6EC-5BE1-4C17-835D-AED27E222F33
1,207,0.184491978609626,3,CA28A6EC-5BE1-4C17-835D-AED27E222F33
2,470,0.418894830659537,3,CA28A6EC-5BE1-4C17-835D-AED27E222F33
0,236,0.216712580348944,4,FF13DA21-4B87-4E73-9D65-9487F0C5A112
1,739,0.67860422405877,4,FF13DA21-4B87-4E73-9D65-9487F0C5A112
2,114,0.104683195592286,4,FF13DA21-4B87-4E73-9D65-9487F0C5A112
0,908,0.809269162210339,5,FEB203EA-4F08-4E37-9CBC-89985EF21498
1,78,0.0695187165775401,5,FEB203EA-4F08-4E37-9CBC-89985EF21498
2,136,0.121212121212121,5,FEB203EA-4F08-4E37-9CBC-89985EF21498
0,34,0.0303030303030303,6,61C85D30-29C3-49C8-AEF4-2FDD7686AF3B
1,958,0.853832442067736,6,61C85D30-29C3-49C8-AEF4-2FDD7686AF3B
2,130,0.115864527629234,6,61C85D30-29C3-49C8-AEF4-2FDD7686AF3B
0,259,0.237832874196511,7,E7E02870-1922-4988-8615-1965625E0EAD
1,201,0.184573002754821,7,E7E02870-1922-4988-8615-1965625E0EAD
2,629,0.577594123048669,7,E7E02870-1922-4988-8615-1965625E0EAD
1,71,0.0651974288337925,8,E17619EC-2512-4615-8622-14C5F7C8F786
2,1018,0.934802571166207,8,E17619EC-2512-4615-8622-14C5F7C8F786
0,132,0.121212121212121,9,5EB7A48C-679E-4BA9-A822-73FBD8E09399
1,333,0.305785123966942,9,5EB7A48C-679E-4BA9-A822-73FBD8E09399
2,624,0.573002754820937,9,5EB7A48C-679E-4BA9-A822-73FBD8E09399
0,169,0.150623885918004,10,EB9B4414-9E56-4D00-9303-D9886B932E63
1,256,0.228163992869875,10,EB9B4414-9E56-4D00-9303-D9886B932E63
2,697,0.621212121212121,10,EB9B4414-9E56-4D00-9303-D9886B932E63
0,43,0.0383244206773619,11,DC2E583C-012D-492B-9F7C-576DE4191A89
1,222,0.197860962566845,11,DC2E583C-012D-492B-9F7C-576DE4191A89
2,857,0.763814616755793,11,DC2E583C-012D-492B-9F7C-576DE4191A89
1,207,0.190082644628099,12,F9A79CAB-8F0D-4460-ABAA-2720EA3A51EE
2,882,0.809917355371901,12,F9A79CAB-8F0D-4460-ABAA-2720EA3A51EE
0,368,0.327985739750446,13,65D064C2-F793-457D-A174-1A7B65A3C2E4
1,298,0.265597147950089,13,65D064C2-F793-457D-A174-1A7B65A3C2E4
2,456,0.406417112299465,13,65D064C2-F793-457D-A174-1A7B65A3C2E4
0,95,0.0846702317290553,14,B533A0A3-C522-4D91-8C2A-03F348B4A165
1,258,0.229946524064171,14,B533A0A3-C522-4D91-8C2A-03F348B4A165
2,769,0.685383244206774,14,B533A0A3-C522-4D91-8C2A-03F348B4A165
0,7,0.00642791551882461,15,544A3F9D-CA4D-4F42-BFF7-BCD7C33847C1
1,173,0.158861340679523,15,544A3F9D-CA4D-4F42-BFF7-BCD7C33847C1
2,909,0.834710743801653,15,544A3F9D-CA4D-4F42-BFF7-BCD7C33847C1
0,96,0.0855614973262032,16,5E9FCA91-876B-440D-A3A0-09A5DFDB48BD
1,528,0.470588235294118,16,5E9FCA91-876B-440D-A3A0-09A5DFDB48BD
2,498,0.443850267379679,16,5E9FCA91-876B-440D-A3A0-09A5DFDB48BD
0,521,0.464349376114082,17,F75DD145-EFFE-4F26-AD09-EA93EA274C35
1,453,0.403743315508021,17,F75DD145-EFFE-4F26-AD09-EA93EA274C35
2,148,0.131907308377897,17,F75DD145-EFFE-4F26-AD09-EA93EA274C35
0,395,0.35204991087344,18,65B78A14-D4F0-43B4-8C1C-BE4F00929E9F
1,230,0.204991087344029,18,65B78A14-D4F0-43B4-8C1C-BE4F00929E9F
2,497,0.442959001782531,18,65B78A14-D4F0-43B4-8C1C-BE4F00929E9F
0,230,0.204991087344029,19,B26F037B-4373-4DB0-B294-CE16D12F19CB
1,88,0.0784313725490196,19,B26F037B-4373-4DB0-B294-CE16D12F19CB
2,804,0.716577540106952,19,B26F037B-4373-4DB0-B294-CE16D12F19CB
0,835,0.722318339100346,20,57F5411D-1576-4AAD-9B8D-74A091987818
1,98,0.0847750865051903,20,57F5411D-1576-4AAD-9B8D-74A091987818
2,223,0.192906574394464,20,57F5411D-1576-4AAD-9B8D-74A091987818
0,430,0.39485766758494,21,61148735-18F1-4CD7-9A23-756107EBA3F4
1,268,0.246097337006428,21,61148735-18F1-4CD7-9A23-756107EBA3F4
2,391,0.359044995408632,21,61148735-18F1-4CD7-9A23-756107EBA3F4
0,423,0.388429752066116,22,CE935FFE-0B77-41E8-8B8A-A48338954BD3
1,169,0.155188246097337,22,CE935FFE-0B77-41E8-8B8A-A48338954BD3
2,497,0.456382001836547,22,CE935FFE-0B77-41E8-8B8A-A48338954BD3
0,143,0.131313131313131,23,BF168CB3-750D-4135-866A-15C8477FEB28
1,192,0.176308539944904,23,BF168CB3-750D-4135-866A-15C8477FEB28
2,754,0.692378328741965,23,BF168CB3-750D-4135-866A-15C8477FEB28
0,777,0.713498622589532,24,B16132BA-FD75-4019-AF3C-D7530DA13FB2
1,121,0.111111111111111,24,B16132BA-FD75-4019-AF3C-D7530DA13FB2
2,191,0.175390266299357,24,B16132BA-FD75-4019-AF3C-D7530DA13FB2
0,23,0.0204991087344029,25,BEB6BE47-5C86-4413-9DB7-C059FE898163
1,767,0.683600713012478,25,BEB6BE47-5C86-4413-9DB7-C059FE898163
2,332,0.295900178253119,25,BEB6BE47-5C86-4413-9DB7-C059FE898163
0,145,0.133149678604224,26,93286F11-7A34-438F-AA6A-6241583E8E6A
1,169,0.155188246097337,26,93286F11-7A34-438F-AA6A-6241583E8E6A
2,775,0.711662075298439,26,93286F11-7A34-438F-AA6A-6241583E8E6A
0,494,0.453627180899908,27,B2EC8364-AB22-41AE-9F2D-7A2075103B3B
1,50,0.0459136822773186,27,B2EC8364-AB22-41AE-9F2D-7A2075103B3B
2,545,0.500459136822773,27,B2EC8364-AB22-41AE-9F2D-7A2075103B3B
0,140,0.124777183600713,28,3E0828ED-DA5B-4120-A8C7-C6AD01D75A42
1,218,0.194295900178253,28,3E0828ED-DA5B-4120-A8C7-C6AD01D75A42
2,764,0.680926916221034,28,3E0828ED-DA5B-4120-A8C7-C6AD01D75A42
0,418,0.383838383838384,29,64F06458-C66C-4677-9800-985F8FC944BF
1,82,0.0752984389348026,29,64F06458-C66C-4677-9800-985F8FC944BF
2,589,0.540863177226814,29,64F06458-C66C-4677-9800-985F8FC944BF
0,157,0.139928698752228,30,626D0294-ABCA-40A1-B4C2-8AE08EDAAB03
1,96,0.0855614973262032,30,626D0294-ABCA-40A1-B4C2-8AE08EDAAB03
2,869,0.774509803921569,30,626D0294-ABCA-40A1-B4C2-8AE08EDAAB03
0,216,0.198347107438017,31,DB97BDEB-99B3-472D-B4F9-C1A4F033F7F7
1,345,0.316804407713499,31,DB97BDEB-99B3-472D-B4F9-C1A4F033F7F7
2,528,0.484848484848485,31,DB97BDEB-99B3-472D-B4F9-C1A4F033F7F7
0,384,0.352617079889807,32,624B703C-7863-4654-9C22-A35EB091AFCC
1,84,0.0771349862258953,32,624B703C-7863-4654-9C22-A35EB091AFCC
2,621,0.570247933884298,32,624B703C-7863-4654-9C22-A35EB091AFCC
0,248,0.221033868092692,33,74721FCD-B75B-48DD-9810-0437C00E845C
1,604,0.538324420677362,33,74721FCD-B75B-48DD-9810-0437C00E845C
2,270,0.240641711229947,33,74721FCD-B75B-48DD-9810-0437C00E845C
0,156,0.143250688705234,34,8C6A3DD2-015D-45D8-8FF8-D15A8F76B561
1,192,0.176308539944904,34,8C6A3DD2-015D-45D8-8FF8-D15A8F76B561
2,741,0.680440771349862,34,8C6A3DD2-015D-45D8-8FF8-D15A8F76B561
0,484,0.431372549019608,35,939D65F4-2304-42A4-B9ED-692A88F7EE82
1,72,0.0641711229946524,35,939D65F4-2304-42A4-B9ED-692A88F7EE82
2,566,0.50445632798574,35,939D65F4-2304-42A4-B9ED-692A88F7EE82
0,96,0.0881542699724518,36,807BF79F-1466-4283-BB35-6A78FAF4F9BA
1,59,0.054178145087236,36,807BF79F-1466-4283-BB35-6A78FAF4F9BA
2,934,0.857667584940312,36,807BF79F-1466-4283-BB35-6A78FAF4F9BA
0,57,0.0523415977961433,37,39F8BBC7-B5F6-4B78-9B52-4334C8D2B0AC
1,214,0.196510560146924,37,39F8BBC7-B5F6-4B78-9B52-4334C8D2B0AC
2,818,0.751147842056933,37,39F8BBC7-B5F6-4B78-9B52-4334C8D2B0AC
0,29,0.0266299357208448,38,5F96BB5E-D719-43C2-A3EC-B1971ABBCBD9
1,152,0.139577594123049,38,5F96BB5E-D719-43C2-A3EC-B1971ABBCBD9
2,908,0.833792470156106,38,5F96BB5E-D719-43C2-A3EC-B1971ABBCBD9
0,10,0.00918273645546373,39,FA548E5C-9CD1-4068-9036-0CC844B4B379
1,231,0.212121212121212,39,FA548E5C-9CD1-4068-9036-0CC844B4B379
2,848,0.778696051423324,39,FA548E5C-9CD1-4068-9036-0CC844B4B379
0,18,0.0165289256198347,40,6670317B-646C-4600-8122-AF3ABDFD5E06
1,126,0.115702479338843,40,6670317B-646C-4600-8122-AF3ABDFD5E06
2,945,0.867768595041322,40,6670317B-646C-4600-8122-AF3ABDFD5E06
0,79,0.0704099821746881,41,A7B308CE-5FDB-475E-BB1A-3BA499750552
1,316,0.281639928698752,41,A7B308CE-5FDB-475E-BB1A-3BA499750552
2,727,0.64795008912656,41,A7B308CE-5FDB-475E-BB1A-3BA499750552
0,114,0.101604278074866,42,7C0DF006-9D90-47E9-BC59-14577963AFF5
1,177,0.157754010695187,42,7C0DF006-9D90-47E9-BC59-14577963AFF5
2,831,0.740641711229947,42,7C0DF006-9D90-47E9-BC59-14577963AFF5
0,134,0.119429590017825,43,2F97C6EF-F989-4806-BE66-9FB4B072C84B
1,420,0.374331550802139,43,2F97C6EF-F989-4806-BE66-9FB4B072C84B
2,568,0.506238859180036,43,2F97C6EF-F989-4806-BE66-9FB4B072C84B
0,129,0.118457300275482,44,1F27A981-25A8-48B2-8F8B-2B571A74480B
1,383,0.351698806244261,44,1F27A981-25A8-48B2-8F8B-2B571A74480B
2,577,0.529843893480257,44,1F27A981-25A8-48B2-8F8B-2B571A74480B
0,9,0.00826446280991736,45,67BDDBDC-867D-4B67-9DFA-D6C4098A298A
1,606,0.556473829201102,45,67BDDBDC-867D-4B67-9DFA-D6C4098A298A
2,474,0.435261707988981,45,67BDDBDC-867D-4B67-9DFA-D6C4098A298A
0,195,0.17379679144385,46,7D1B5D66-EB63-44FA-A396-53309BDFB0E7
1,31,0.0276292335115865,46,7D1B5D66-EB63-44FA-A396-53309BDFB0E7
2,896,0.798573975044563,46,7D1B5D66-EB63-44FA-A396-53309BDFB0E7
0,203,0.186409550045914,47,1593860F-3E08-4088-AC3C-54DEAD6EA530
1,384,0.352617079889807,47,1593860F-3E08-4088-AC3C-54DEAD6EA530
2,502,0.460973370064279,47,1593860F-3E08-4088-AC3C-54DEAD6EA530
0,36,0.0330578512396694,48,D563644C-5800-4789-8EF8-B37EE22C072F
1,411,0.377410468319559,48,D563644C-5800-4789-8EF8-B37EE22C072F
2,642,0.589531680440771,48,D563644C-5800-4789-8EF8-B37EE22C072F
0,7,0.00642791551882461,49,9B07E228-2829-4AD5-8270-501A7D15E280
1,601,0.55188246097337,49,9B07E228-2829-4AD5-8270-501A7D15E280
2,481,0.441689623507805,49,9B07E228-2829-4AD5-8270-501A7D15E280
0,15,0.0133689839572193,50,121C144E-9EFB-4D71-854B-04CF978A9F25
1,186,0.165775401069519,50,121C144E-9EFB-4D71-854B-04CF978A9F25
2,921,0.820855614973262,50,121C144E-9EFB-4D71-854B-04CF978A9F25
1,223,0.198752228163993,51,82A5EE14-92EC-4299-96CF-13B4EFE9A9F1
2,899,0.801247771836007,51,82A5EE14-92EC-4299-96CF-13B4EFE9A9F1
0,246,0.225895316804408,52,446B0238-4BA8-4F45-A650-E6883E0F9F7C
1,349,0.320477502295684,52,446B0238-4BA8-4F45-A650-E6883E0F9F7C
2,494,0.453627180899908,52,446B0238-4BA8-4F45-A650-E6883E0F9F7C
0,19,0.0169340463458111,53,FC545CF6-18C8-4AF0-AD83-8143C4901D68
1,357,0.318181818181818,53,FC545CF6-18C8-4AF0-AD83-8143C4901D68
2,746,0.664884135472371,53,FC545CF6-18C8-4AF0-AD83-8143C4901D68
0,325,0.298438934802571,54,1892A0B1-A550-4423-850F-8F710F91ED27
1,524,0.481175390266299,54,1892A0B1-A550-4423-850F-8F710F91ED27
2,240,0.220385674931129,54,1892A0B1-A550-4423-850F-8F710F91ED27
0,187,0.166666666666667,55,A0F31FC5-21CB-45CC-A893-42489B220DB3
1,536,0.477718360071301,55,A0F31FC5-21CB-45CC-A893-42489B220DB3
2,399,0.355614973262032,55,A0F31FC5-21CB-45CC-A893-42489B220DB3
0,295,0.27089072543618,56,385D7E19-2D17-480F-828B-4ACB7B9845F8
1,341,0.313131313131313,56,385D7E19-2D17-480F-828B-4ACB7B9845F8
2,453,0.415977961432507,56,385D7E19-2D17-480F-828B-4ACB7B9845F8
0,689,0.614081996434938,57,3168F6AB-AB5B-4841-BB2D-F3C4893B8195
1,225,0.200534759358289,57,3168F6AB-AB5B-4841-BB2D-F3C4893B8195
2,208,0.185383244206774,57,3168F6AB-AB5B-4841-BB2D-F3C4893B8195
0,249,0.228650137741047,58,ACB873FA-5E60-4144-9F7A-51779440ED73
1,405,0.371900826446281,58,ACB873FA-5E60-4144-9F7A-51779440ED73
2,435,0.399449035812672,58,ACB873FA-5E60-4144-9F7A-51779440ED73
0,396,0.352941176470588,59,B623CACD-F12D-43DA-9EF3-EAADC52FBD35
1,451,0.401960784313726,59,B623CACD-F12D-43DA-9EF3-EAADC52FBD35
2,275,0.245098039215686,59,B623CACD-F12D-43DA-9EF3-EAADC52FBD35
0,821,0.731729055258467,60,83E4F87A-7413-479E-83F5-F7DD4C2B96B3
1,99,0.0882352941176471,60,83E4F87A-7413-479E-83F5-F7DD4C2B96B3
2,202,0.180035650623886,60,83E4F87A-7413-479E-83F5-F7DD4C2B96B3
0,90,0.0802139037433155,61,A94A9D61-E305-495D-83E1-9DBCBD395977
1,653,0.581996434937611,61,A94A9D61-E305-495D-83E1-9DBCBD395977
2,379,0.337789661319073,61,A94A9D61-E305-495D-83E1-9DBCBD395977
0,176,0.156862745098039,62,C6FE1A14-A5C7-47A4-9347-4083D3560553
1,249,0.22192513368984,62,C6FE1A14-A5C7-47A4-9347-4083D3560553
2,697,0.621212121212121,62,C6FE1A14-A5C7-47A4-9347-4083D3560553
0,326,0.290552584670232,63,495BF42A-9017-4B00-AB6F-EC592D162700
1,435,0.387700534759358,63,495BF42A-9017-4B00-AB6F-EC592D162700
2,361,0.32174688057041,63,495BF42A-9017-4B00-AB6F-EC592D162700
1,938,0.861340679522498,64,CAE0A588-C73D-4389-AF43-EA22E31B0117
2,151,0.138659320477502,64,CAE0A588-C73D-4389-AF43-EA22E31B0117
0,115,0.102495543672014,65,F9FB12E7-A68A-4481-87B8-7D360EDCF4B0
1,316,0.281639928698752,65,F9FB12E7-A68A-4481-87B8-7D360EDCF4B0
2,691,0.615864527629234,65,F9FB12E7-A68A-4481-87B8-7D360EDCF4B0
0,6,0.00550964187327824,66,DC8932A3-4CB7-4C42-B2DF-50806ABF2C02
1,506,0.464646464646465,66,DC8932A3-4CB7-4C42-B2DF-50806ABF2C02
2,577,0.529843893480257,66,DC8932A3-4CB7-4C42-B2DF-50806ABF2C02
0,34,0.0294117647058824,67,FDED0EBA-3A1E-4065-A0D9-684CFEAE44ED
1,119,0.102941176470588,67,FDED0EBA-3A1E-4065-A0D9-684CFEAE44ED
2,1003,0.867647058823529,67,FDED0EBA-3A1E-4065-A0D9-684CFEAE44ED
0,186,0.170798898071625,68,0735A046-EF9C-4F44-B83F-DFD5194FAEFD
1,233,0.213957759412305,68,0735A046-EF9C-4F44-B83F-DFD5194FAEFD
2,670,0.61524334251607,68,0735A046-EF9C-4F44-B83F-DFD5194FAEFD
0,221,0.202938475665748,69,16622072-13C8-4CCD-9A11-501A19B7A0A8
1,87,0.0798898071625344,69,16622072-13C8-4CCD-9A11-501A19B7A0A8
2,781,0.717171717171717,69,16622072-13C8-4CCD-9A11-501A19B7A0A8
0,321,0.286096256684492,70,DBE802C8-CEF0-4293-BB25-B8363D7CFBE0
1,324,0.288770053475936,70,DBE802C8-CEF0-4293-BB25-B8363D7CFBE0
2,477,0.425133689839572,70,DBE802C8-CEF0-4293-BB25-B8363D7CFBE0
1,571,0.50891265597148,71,4FAA03D7-882A-462D-AD04-752F03F84BCE
2,551,0.491087344028521,71,4FAA03D7-882A-462D-AD04-752F03F84BCE
0,112,0.102846648301194,72,1557D362-F231-4A47-9976-7063820397C1
1,409,0.375573921028467,72,1557D362-F231-4A47-9976-7063820397C1
2,568,0.52157943067034,72,1557D362-F231-4A47-9976-7063820397C1
0,44,0.0404040404040404,73,16FF8BED-0B5D-4ACD-A465-0907634FED2B
1,243,0.223140495867769,73,16FF8BED-0B5D-4ACD-A465-0907634FED2B
2,802,0.736455463728191,73,16FF8BED-0B5D-4ACD-A465-0907634FED2B
0,5,0.00459136822773186,74,E4913E3E-FADB-4B39-8627-21BBCE1C3F5E
1,352,0.323232323232323,74,E4913E3E-FADB-4B39-8627-21BBCE1C3F5E
2,732,0.672176308539945,74,E4913E3E-FADB-4B39-8627-21BBCE1C3F5E
0,118,0.105169340463458,75,600C51FC-5ACC-4194-BD18-23CE59DD815A
1,190,0.169340463458111,75,600C51FC-5ACC-4194-BD18-23CE59DD815A
2,814,0.725490196078431,75,600C51FC-5ACC-4194-BD18-23CE59DD815A
0,55,0.0505050505050505,76,3B99DB06-1520-49E0-9707-7C1916CFFFC3
1,52,0.0477502295684114,76,3B99DB06-1520-49E0-9707-7C1916CFFFC3
2,982,0.901744719926538,76,3B99DB06-1520-49E0-9707-7C1916CFFFC3
1,319,0.292929292929293,77,F88F45C7-B3F7-4FA3-B3EF-FF9EC22E1B58
2,770,0.707070707070707,77,F88F45C7-B3F7-4FA3-B3EF-FF9EC22E1B58
0,47,0.0431588613406795,78,376EFBF1-BF62-40CD-A8FD-519F9154BDC5
1,371,0.340679522497704,78,376EFBF1-BF62-40CD-A8FD-519F9154BDC5
2,671,0.616161616161616,78,376EFBF1-BF62-40CD-A8FD-519F9154BDC5
0,295,0.262923351158645,79,FF564F42-EE4B-4776-BFF7-3ED0F800E87A
1,227,0.202317290552585,79,FF564F42-EE4B-4776-BFF7-3ED0F800E87A
2,600,0.53475935828877,79,FF564F42-EE4B-4776-BFF7-3ED0F800E87A
0,425,0.390266299357208,80,A5DA1D03-DEE7-431E-B11C-0D864BC0D933
1,310,0.284664830119376,80,A5DA1D03-DEE7-431E-B11C-0D864BC0D933
2,354,0.325068870523416,80,A5DA1D03-DEE7-431E-B11C-0D864BC0D933
0,322,0.278546712802768,81,67921B17-124C-4F0E-B683-2D2CF3FA40AE
1,367,0.317474048442907,81,67921B17-124C-4F0E-B683-2D2CF3FA40AE
2,467,0.403979238754325,81,67921B17-124C-4F0E-B683-2D2CF3FA40AE
1,829,0.761248852157943,82,635C899C-EE2E-451A-B388-B9F18F0152DE
2,260,0.238751147842057,82,635C899C-EE2E-451A-B388-B9F18F0152DE
1,766,0.703397612488522,83,67376B38-CE82-4657-B014-6AB106DE1782
2,323,0.296602387511478,83,67376B38-CE82-4657-B014-6AB106DE1782
0,262,0.233511586452763,84,FE168412-8843-430C-8F75-241E3D0733D8
1,197,0.175579322638146,84,FE168412-8843-430C-8F75-241E3D0733D8
2,663,0.590909090909091,84,FE168412-8843-430C-8F75-241E3D0733D8
0,1,0.000918273645546373,85,C33AC7D6-B597-4B3A-ACF0-3F28B5B4F05C
1,486,0.446280991735537,85,C33AC7D6-B597-4B3A-ACF0-3F28B5B4F05C
2,602,0.552800734618916,85,C33AC7D6-B597-4B3A-ACF0-3F28B5B4F05C
0,184,0.168962350780533,86,82138B44-755A-49AE-B47C-6FE8CDD02932
1,387,0.355371900826446,86,82138B44-755A-49AE-B47C-6FE8CDD02932
2,518,0.475665748393021,86,82138B44-755A-49AE-B47C-6FE8CDD02932
1,733,0.634083044982699,87,FA67E0E8-8FB2-4A38-BB5B-0FEC711904A5
2,423,0.365916955017301,87,FA67E0E8-8FB2-4A38-BB5B-0FEC711904A5
1,687,0.630853994490358,88,06313834-CEEF-49CF-8B47-EC30CEBB5477
2,402,0.369146005509642,88,06313834-CEEF-49CF-8B47-EC30CEBB5477
0,96,0.0855614973262032,89,662BE2F4-F74F-42FB-815F-22A0751D0797
1,90,0.0802139037433155,89,662BE2F4-F74F-42FB-815F-22A0751D0797
2,936,0.834224598930481,89,662BE2F4-F74F-42FB-815F-22A0751D0797
1,548,0.488413547237077,90,E200B7EA-095E-4961-8C85-42908CACAFDB
2,574,0.511586452762923,90,E200B7EA-095E-4961-8C85-42908CACAFDB
0,675,0.601604278074866,91,0FA964AA-78A0-4C17-829E-B16A9E7466F7
1,127,0.11319073083779,91,0FA964AA-78A0-4C17-829E-B16A9E7466F7
2,320,0.285204991087344,91,0FA964AA-78A0-4C17-829E-B16A9E7466F7
1,239,0.219467401285583,92,74F3EDC7-525B-49A8-B82E-381651F818BB
2,850,0.780532598714417,92,74F3EDC7-525B-49A8-B82E-381651F818BB
0,11,0.0101010101010101,93,C814BA90-6F33-46F6-832D-E72D3B560985
1,269,0.247015610651974,93,C814BA90-6F33-46F6-832D-E72D3B560985
2,809,0.742883379247016,93,C814BA90-6F33-46F6-832D-E72D3B560985
0,15,0.0133689839572193,94,F65C1F6A-876D-4317-9070-805AF55878C5
1,724,0.645276292335116,94,F65C1F6A-876D-4317-9070-805AF55878C5
2,383,0.341354723707665,94,F65C1F6A-876D-4317-9070-805AF55878C5
0,296,0.256055363321799,95,D958B25A-1B29-4230-9B01-0DE7A94A87F5
1,227,0.19636678200692,95,D958B25A-1B29-4230-9B01-0DE7A94A87F5
2,633,0.54757785467128,95,D958B25A-1B29-4230-9B01-0DE7A94A87F5
0,374,0.343434343434343,96,4826784B-6D9B-4CB6-B431-14132184BCB7
1,144,0.132231404958678,96,4826784B-6D9B-4CB6-B431-14132184BCB7
2,571,0.524334251606979,96,4826784B-6D9B-4CB6-B431-14132184BCB7
0,662,0.607897153351699,97,CE5AB144-12BB-4815-9CC4-DFFE28950CB5
1,85,0.0780532598714417,97,CE5AB144-12BB-4815-9CC4-DFFE28950CB5
2,342,0.31404958677686,97,CE5AB144-12BB-4815-9CC4-DFFE28950CB5
0,128,0.117539026629936,98,EC1B6963-339B-40AC-B87F-FC8DF8CD3566
1,78,0.0716253443526171,98,EC1B6963-339B-40AC-B87F-FC8DF8CD3566
2,883,0.810835629017447,98,EC1B6963-339B-40AC-B87F-FC8DF8CD3566
0,903,0.781141868512111,99,B386CC86-5F89-4AC5-8D2B-A5F8543AB2EC
1,36,0.0311418685121107,99,B386CC86-5F89-4AC5-8D2B-A5F8543AB2EC
2,217,0.187716262975779,99,B386CC86-5F89-4AC5-8D2B-A5F8543AB2EC
0,667,0.612488521579431,100,268C0636-F0E5-4516-8B0A-2BE752C74F05
1,156,0.143250688705234,100,268C0636-F0E5-4516-8B0A-2BE752C74F05
2,266,0.244260789715335,100,268C0636-F0E5-4516-8B0A-2BE752C74F05
0,33,0.0294117647058824,101,C9C7F9FB-CA5C-40DB-B3B7-4E8AC79262C0
1,442,0.393939393939394,101,C9C7F9FB-CA5C-40DB-B3B7-4E8AC79262C0
2,647,0.576648841354724,101,C9C7F9FB-CA5C-40DB-B3B7-4E8AC79262C0
0,26,0.0238751147842057,102,00D798B0-9DD3-4AA3-BBAF-9B0765C09FF8
1,308,0.282828282828283,102,00D798B0-9DD3-4AA3-BBAF-9B0765C09FF8
2,755,0.693296602387512,102,00D798B0-9DD3-4AA3-BBAF-9B0765C09FF8
1,810,0.72192513368984,103,BBB68992-B08B-411F-BC03-5C604E6E0838
2,312,0.27807486631016,103,BBB68992-B08B-411F-BC03-5C604E6E0838
0,10,0.0089126559714795,104,C93843BE-AD20-4A88-849C-8D4F749B716E
1,909,0.810160427807487,104,C93843BE-AD20-4A88-849C-8D4F749B716E
2,203,0.180926916221034,104,C93843BE-AD20-4A88-849C-8D4F749B716E
0,194,0.178145087235996,105,2F2511B1-99A6-46A3-B236-6AC64A1313C9
1,160,0.14692378328742,105,2F2511B1-99A6-46A3-B236-6AC64A1313C9
2,735,0.674931129476584,105,2F2511B1-99A6-46A3-B236-6AC64A1313C9
0,138,0.119377162629758,106,78AD63C7-388B-47F4-B000-7126DCDAA468
1,399,0.345155709342561,106,78AD63C7-388B-47F4-B000-7126DCDAA468
2,619,0.535467128027682,106,78AD63C7-388B-47F4-B000-7126DCDAA468
1,267,0.237967914438503,107,9DDA78A2-3B6B-48E8-BFB0-F34C3019F9FF
2,855,0.762032085561497,107,9DDA78A2-3B6B-48E8-BFB0-F34C3019F9FF
0,154,0.137254901960784,108,0C12DE27-3149-4813-9C7A-54214B963349
1,308,0.274509803921569,108,0C12DE27-3149-4813-9C7A-54214B963349
2,660,0.588235294117647,108,0C12DE27-3149-4813-9C7A-54214B963349
0,676,0.620752984389348,109,4454B9E7-7CE2-458D-A2B1-F525C2469777
1,145,0.133149678604224,109,4454B9E7-7CE2-458D-A2B1-F525C2469777
2,268,0.246097337006428,109,4454B9E7-7CE2-458D-A2B1-F525C2469777
0,856,0.786042240587695,110,F588796B-18E0-466E-935C-1FA3592F5A31
1,107,0.0982552800734619,110,F588796B-18E0-466E-935C-1FA3592F5A31
2,126,0.115702479338843,110,F588796B-18E0-466E-935C-1FA3592F5A31
0,135,0.12396694214876,111,CF14411F-1ACD-4977-BDA2-8B85C784A216
1,296,0.271808999081726,111,CF14411F-1ACD-4977-BDA2-8B85C784A216
2,658,0.604224058769513,111,CF14411F-1ACD-4977-BDA2-8B85C784A216
0,481,0.428698752228164,112,0AC15AF6-26CC-4575-8C8D-EDB6B1D46287
1,142,0.126559714795009,112,0AC15AF6-26CC-4575-8C8D-EDB6B1D46287
2,499,0.444741532976827,112,0AC15AF6-26CC-4575-8C8D-EDB6B1D46287
0,154,0.141414141414141,113,0A15799F-B41C-4A7E-80F2-911FA38DE64F
1,462,0.424242424242424,113,0A15799F-B41C-4A7E-80F2-911FA38DE64F
2,473,0.434343434343434,113,0A15799F-B41C-4A7E-80F2-911FA38DE64F
0,540,0.481283422459893,114,32C4D02A-7E69-4258-BEA4-6627AB8E26B7
1,138,0.122994652406417,114,32C4D02A-7E69-4258-BEA4-6627AB8E26B7
2,444,0.39572192513369,114,32C4D02A-7E69-4258-BEA4-6627AB8E26B7
0,29,0.0258467023172906,115,88B30C55-76BD-4584-A14D-85CD68534632
1,262,0.233511586452763,115,88B30C55-76BD-4584-A14D-85CD68534632
2,831,0.740641711229947,115,88B30C55-76BD-4584-A14D-85CD68534632
0,18,0.0165289256198347,116,9AFADF22-7D7B-4B55-AC99-7031DB44F720
1,265,0.243342516069789,116,9AFADF22-7D7B-4B55-AC99-7031DB44F720
2,806,0.740128558310377,116,9AFADF22-7D7B-4B55-AC99-7031DB44F720
0,268,0.238859180035651,117,F27C3197-8092-4AF9-9B6F-A7911614DE60
1,257,0.229055258467023,117,F27C3197-8092-4AF9-9B6F-A7911614DE60
2,597,0.532085561497326,117,F27C3197-8092-4AF9-9B6F-A7911614DE60
1,126,0.115702479338843,118,C7D6C766-95AD-4295-9E6B-38D2000D6F7A
2,963,0.884297520661157,118,C7D6C766-95AD-4295-9E6B-38D2000D6F7A
1,218,0.188581314878893,119,CC627A13-F997-4D12-AB1B-6208D8D17661
2,938,0.811418685121107,119,CC627A13-F997-4D12-AB1B-6208D8D17661
0,251,0.223707664884135,120,933E55B3-4FD9-4754-9240-917E34D5E8B5
1,28,0.0249554367201426,120,933E55B3-4FD9-4754-9240-917E34D5E8B5
2,843,0.751336898395722,120,933E55B3-4FD9-4754-9240-917E34D5E8B5
0,460,0.409982174688057,121,E917263C-05AD-4387-9BA9-2EBD7176783E
1,225,0.200534759358289,121,E917263C-05AD-4387-9BA9-2EBD7176783E
2,437,0.389483065953654,121,E917263C-05AD-4387-9BA9-2EBD7176783E
0,401,0.357397504456328,122,27315615-80D8-4A46-8237-61BD30F2D7B5
1,177,0.157754010695187,122,27315615-80D8-4A46-8237-61BD30F2D7B5
2,544,0.484848484848485,122,27315615-80D8-4A46-8237-61BD30F2D7B5
0,21,0.018716577540107,123,6B9E8ADD-EA1F-4B68-922D-C610F20E4576
1,84,0.0748663101604278,123,6B9E8ADD-EA1F-4B68-922D-C610F20E4576
2,1017,0.906417112299465,123,6B9E8ADD-EA1F-4B68-922D-C610F20E4576
0,60,0.053475935828877,124,2437E20B-2831-4558-A2D7-3EFB18AE5DFE
1,91,0.0811051693404635,124,2437E20B-2831-4558-A2D7-3EFB18AE5DFE
2,971,0.86541889483066,124,2437E20B-2831-4558-A2D7-3EFB18AE5DFE
0,38,0.0338680926916221,125,09F74F55-2796-4341-B7EE-ED4CE6017811
1,237,0.211229946524064,125,09F74F55-2796-4341-B7EE-ED4CE6017811
2,847,0.754901960784314,125,09F74F55-2796-4341-B7EE-ED4CE6017811
1,76,0.0697887970615243,126,563B1139-58F5-4948-BA79-DB4F24F413F4
2,1013,0.930211202938476,126,563B1139-58F5-4948-BA79-DB4F24F413F4
1,103,0.0918003565062389,127,E7D1D494-FE81-4C5E-9248-0AF17516A5D0
2,1019,0.908199643493761,127,E7D1D494-FE81-4C5E-9248-0AF17516A5D0
0,568,0.52157943067034,128,4BCB08B1-B4AF-46A1-9750-6D906BEA8100
1,235,0.215794306703398,128,4BCB08B1-B4AF-46A1-9750-6D906BEA8100
2,286,0.262626262626263,128,4BCB08B1-B4AF-46A1-9750-6D906BEA8100
0,100,0.089126559714795,129,A2F288E5-0FCA-40E0-803C-3040187FF50A
1,139,0.123885918003565,129,A2F288E5-0FCA-40E0-803C-3040187FF50A
2,883,0.78698752228164,129,A2F288E5-0FCA-40E0-803C-3040187FF50A
0,776,0.712580348943985,130,87AAA22D-D8DC-4D82-ACF9-FB2332F49F46
1,125,0.114784205693297,130,87AAA22D-D8DC-4D82-ACF9-FB2332F49F46
2,188,0.172635445362718,130,87AAA22D-D8DC-4D82-ACF9-FB2332F49F46
0,65,0.0596877869605142,131,64BD49E4-A9DF-45BA-801F-C9921BD3BEC4
1,23,0.0211202938475666,131,64BD49E4-A9DF-45BA-801F-C9921BD3BEC4
2,1001,0.919191919191919,131,64BD49E4-A9DF-45BA-801F-C9921BD3BEC4
0,328,0.30119375573921,132,7FBF986D-B03E-49B5-9102-63B33EEA5831
1,112,0.102846648301194,132,7FBF986D-B03E-49B5-9102-63B33EEA5831
2,649,0.595959595959596,132,7FBF986D-B03E-49B5-9102-63B33EEA5831
0,6,0.00550964187327824,133,B4A10F13-58C4-49EC-B924-68674BA3D2B2
1,27,0.0247933884297521,133,B4A10F13-58C4-49EC-B924-68674BA3D2B2
2,1056,0.96969696969697,133,B4A10F13-58C4-49EC-B924-68674BA3D2B2
0,11,0.00980392156862745,134,C69A9197-618F-4DA5-8E6F-51330AFB6999
1,446,0.397504456327986,134,C69A9197-618F-4DA5-8E6F-51330AFB6999
2,665,0.592691622103387,134,C69A9197-618F-4DA5-8E6F-51330AFB6999
0,283,0.244809688581315,135,B1D4FD66-4331-432D-B1D1-282B14A574EA
1,284,0.245674740484429,135,B1D4FD66-4331-432D-B1D1-282B14A574EA
2,589,0.509515570934256,135,B1D4FD66-4331-432D-B1D1-282B14A574EA
0,106,0.0973370064279155,136,57F8C750-4153-414A-900B-B3C2E72E8441
1,510,0.46831955922865,136,57F8C750-4153-414A-900B-B3C2E72E8441
2,473,0.434343434343434,136,57F8C750-4153-414A-900B-B3C2E72E8441
1,548,0.503213957759412,137,0718EEEE-A45E-40C5-9BE6-83EDE98B7035
2,541,0.496786042240588,137,0718EEEE-A45E-40C5-9BE6-83EDE98B7035
0,682,0.626262626262626,138,4F0CAEA6-D57A-49C8-AE15-F7E61E791A49
1,339,0.31129476584022,138,4F0CAEA6-D57A-49C8-AE15-F7E61E791A49
2,68,0.0624426078971534,138,4F0CAEA6-D57A-49C8-AE15-F7E61E791A49
0,730,0.670339761248852,139,2AB2564C-063E-4B24-9EDC-D928DE4404F2
1,37,0.0339761248852158,139,2AB2564C-063E-4B24-9EDC-D928DE4404F2
2,322,0.295684113865932,139,2AB2564C-063E-4B24-9EDC-D928DE4404F2
0,314,0.271626297577855,140,46EE9860-BB75-4367-B40C-2466D391F3E6
1,92,0.0795847750865052,140,46EE9860-BB75-4367-B40C-2466D391F3E6
2,750,0.64878892733564,140,46EE9860-BB75-4367-B40C-2466D391F3E6
0,427,0.380570409982175,141,D123F18B-98C8-4298-AF57-6E8D78BE1ED9
1,201,0.179144385026738,141,D123F18B-98C8-4298-AF57-6E8D78BE1ED9
2,494,0.440285204991087,141,D123F18B-98C8-4298-AF57-6E8D78BE1ED9
0,400,0.367309458218549,142,B2703C38-D5A8-4615-9C24-0E809CD11C54
1,290,0.266299357208448,142,B2703C38-D5A8-4615-9C24-0E809CD11C54
2,399,0.366391184573003,142,B2703C38-D5A8-4615-9C24-0E809CD11C54
0,695,0.638200183654729,143,8C27D77F-1F31-4A11-A688-6C8DC5589CEA
1,254,0.233241505968779,143,8C27D77F-1F31-4A11-A688-6C8DC5589CEA
2,140,0.128558310376492,143,8C27D77F-1F31-4A11-A688-6C8DC5589CEA
0,538,0.479500891265597,144,F8E7C51A-EF61-4FB4-8FC5-39EC34FD0AB7
1,115,0.102495543672014,144,F8E7C51A-EF61-4FB4-8FC5-39EC34FD0AB7
2,469,0.418003565062389,144,F8E7C51A-EF61-4FB4-8FC5-39EC34FD0AB7
0,194,0.178145087235996,145,28B8BA3C-6D36-4E65-B813-883757F54A44
1,337,0.309458218549128,145,28B8BA3C-6D36-4E65-B813-883757F54A44
2,558,0.512396694214876,145,28B8BA3C-6D36-4E65-B813-883757F54A44
0,67,0.061524334251607,146,3E992497-2CB4-45C3-926F-AD2772748845
1,243,0.223140495867769,146,3E992497-2CB4-45C3-926F-AD2772748845
2,779,0.715335169880624,146,3E992497-2CB4-45C3-926F-AD2772748845
0,804,0.716577540106952,147,974D196E-F40F-4DB6-8B1B-3021626F15E9
1,287,0.255793226381462,147,974D196E-F40F-4DB6-8B1B-3021626F15E9
2,31,0.0276292335115865,147,974D196E-F40F-4DB6-8B1B-3021626F15E9
1,237,0.21763085399449,148,0AA3B890-C2E9-4F8C-85AD-83B88C407FDD
2,852,0.78236914600551,148,0AA3B890-C2E9-4F8C-85AD-83B88C407FDD
0,168,0.149732620320856,149,43792E6F-444E-499B-8222-8F251A6E4ABE
1,538,0.479500891265597,149,43792E6F-444E-499B-8222-8F251A6E4ABE
2,416,0.370766488413547,149,43792E6F-444E-499B-8222-8F251A6E4ABE
0,315,0.280748663101604,150,BDC950BB-6CB8-4D56-8A8B-3A5DA73F9815
1,470,0.418894830659537,150,BDC950BB-6CB8-4D56-8A8B-3A5DA73F9815
2,337,0.300356506238859,150,BDC950BB-6CB8-4D56-8A8B-3A5DA73F9815
0,104,0.0955004591368228,151,100A691D-4B28-4A23-8899-6FA53B6E0853
1,416,0.382001836547291,151,100A691D-4B28-4A23-8899-6FA53B6E0853
2,569,0.522497704315886,151,100A691D-4B28-4A23-8899-6FA53B6E0853
0,200,0.183654729109275,152,A2B4E892-0D47-47E5-9EB3-3204543F0FEB
1,244,0.224058769513315,152,A2B4E892-0D47-47E5-9EB3-3204543F0FEB
2,645,0.59228650137741,152,A2B4E892-0D47-47E5-9EB3-3204543F0FEB
0,180,0.165289256198347,153,51D3958B-9B3A-400B-AAC7-9B371D295654
1,198,0.181818181818182,153,51D3958B-9B3A-400B-AAC7-9B371D295654
2,711,0.652892561983471,153,51D3958B-9B3A-400B-AAC7-9B371D295654
1,272,0.249770431588613,154,8BA51165-033B-4DE1-A0ED-088FEBA7E464
2,817,0.750229568411387,154,8BA51165-033B-4DE1-A0ED-088FEBA7E464
0,609,0.559228650137741,155,88F8BEAF-BF0B-4581-AF4D-31352DF701F8
1,87,0.0798898071625344,155,88F8BEAF-BF0B-4581-AF4D-31352DF701F8
2,393,0.360881542699725,155,88F8BEAF-BF0B-4581-AF4D-31352DF701F8
0,475,0.423351158645276,156,003417A2-B31D-4DBA-B3C2-9D519E7FDAEC
1,47,0.0418894830659537,156,003417A2-B31D-4DBA-B3C2-9D519E7FDAEC
2,600,0.53475935828877,156,003417A2-B31D-4DBA-B3C2-9D519E7FDAEC
0,352,0.313725490196078,157,B26BFE1E-E603-42B7-8D44-24D2FFD83701
1,190,0.169340463458111,157,B26BFE1E-E603-42B7-8D44-24D2FFD83701
2,580,0.516934046345811,157,B26BFE1E-E603-42B7-8D44-24D2FFD83701
0,47,0.0431588613406795,158,B6F22ACC-3807-4E2C-90D0-C219E5AA3B97
1,121,0.111111111111111,158,B6F22ACC-3807-4E2C-90D0-C219E5AA3B97
2,921,0.845730027548209,158,B6F22ACC-3807-4E2C-90D0-C219E5AA3B97
0,169,0.146193771626298,159,529415EE-FA60-4462-9E03-21B7F63E8545
1,408,0.352941176470588,159,529415EE-FA60-4462-9E03-21B7F63E8545
2,579,0.500865051903114,159,529415EE-FA60-4462-9E03-21B7F63E8545
0,435,0.387700534759358,160,965ADF5D-D2FD-4E0A-8A46-C5A9F5D28005
1,514,0.458110516934046,160,965ADF5D-D2FD-4E0A-8A46-C5A9F5D28005
2,173,0.154188948306595,160,965ADF5D-D2FD-4E0A-8A46-C5A9F5D28005
0,49,0.0449954086317723,161,2045113F-D407-4A39-8870-6F0564F03567
1,117,0.107438016528926,161,2045113F-D407-4A39-8870-6F0564F03567
2,923,0.847566574839302,161,2045113F-D407-4A39-8870-6F0564F03567
0,42,0.0374331550802139,162,FB2E4202-0FF6-42C3-A34B-EA64AFD6ADE7
1,397,0.353832442067736,162,FB2E4202-0FF6-42C3-A34B-EA64AFD6ADE7
2,683,0.60873440285205,162,FB2E4202-0FF6-42C3-A34B-EA64AFD6ADE7
0,1042,0.928698752228164,163,B249F090-BFD1-406B-B50A-AE60ABE56DBF
1,59,0.0525846702317291,163,B249F090-BFD1-406B-B50A-AE60ABE56DBF
2,21,0.018716577540107,163,B249F090-BFD1-406B-B50A-AE60ABE56DBF
0,524,0.467023172905526,164,3B484A06-00CE-4887-B032-CDD7C87E02F6
1,226,0.201426024955437,164,3B484A06-00CE-4887-B032-CDD7C87E02F6
2,372,0.331550802139037,164,3B484A06-00CE-4887-B032-CDD7C87E02F6
0,381,0.329584775086505,165,CC08394C-6790-4FC5-A0ED-C0A70508D49F
1,549,0.474913494809689,165,CC08394C-6790-4FC5-A0ED-C0A70508D49F
2,226,0.195501730103806,165,CC08394C-6790-4FC5-A0ED-C0A70508D49F
0,73,0.0650623885918004,166,137D1D43-536E-4C84-9F17-6CA5DDD67CF4
1,357,0.318181818181818,166,137D1D43-536E-4C84-9F17-6CA5DDD67CF4
2,692,0.616755793226381,166,137D1D43-536E-4C84-9F17-6CA5DDD67CF4
0,28,0.0249554367201426,167,73C6F7D5-959A-4993-899D-C0D8C58CD111
1,184,0.163992869875223,167,73C6F7D5-959A-4993-899D-C0D8C58CD111
2,910,0.811051693404635,167,73C6F7D5-959A-4993-899D-C0D8C58CD111
0,334,0.306703397612489,168,DA8472D9-F334-4FEE-99A3-12080FA76D48
1,197,0.180899908172635,168,DA8472D9-F334-4FEE-99A3-12080FA76D48
2,558,0.512396694214876,168,DA8472D9-F334-4FEE-99A3-12080FA76D48
0,707,0.630124777183601,169,18FF64B2-3597-4E1F-BD6C-74B04A8376B3
1,160,0.142602495543672,169,18FF64B2-3597-4E1F-BD6C-74B04A8376B3
2,255,0.227272727272727,169,18FF64B2-3597-4E1F-BD6C-74B04A8376B3
0,93,0.0853994490358127,170,25637120-08DC-4BFB-B6B8-F2282CE8204B
1,201,0.184573002754821,170,25637120-08DC-4BFB-B6B8-F2282CE8204B
2,795,0.730027548209367,170,25637120-08DC-4BFB-B6B8-F2282CE8204B
0,75,0.0668449197860963,171,513DFF01-30D2-4CF9-8FFE-3AFCD766B260
1,470,0.418894830659537,171,513DFF01-30D2-4CF9-8FFE-3AFCD766B260
2,577,0.514260249554367,171,513DFF01-30D2-4CF9-8FFE-3AFCD766B260
1,653,0.599632690541782,172,67AC1FAC-F3EF-4243-837B-B95755041725
2,436,0.400367309458219,172,67AC1FAC-F3EF-4243-837B-B95755041725
0,598,0.549127640036731,173,70950D6F-D4EA-4E10-A8DC-EF00506A566E
1,47,0.0431588613406795,173,70950D6F-D4EA-4E10-A8DC-EF00506A566E
2,444,0.40771349862259,173,70950D6F-D4EA-4E10-A8DC-EF00506A566E
0,246,0.225895316804408,174,0F3BB5F1-8F27-44E3-99CC-265DEA634DF6
1,67,0.061524334251607,174,0F3BB5F1-8F27-44E3-99CC-265DEA634DF6
2,776,0.712580348943985,174,0F3BB5F1-8F27-44E3-99CC-265DEA634DF6
0,406,0.372819100091827,175,35F52211-1985-46EF-92CC-B5183DC4F03F
1,122,0.112029384756657,175,35F52211-1985-46EF-92CC-B5183DC4F03F
2,561,0.515151515151515,175,35F52211-1985-46EF-92CC-B5183DC4F03F
0,276,0.245989304812834,176,0E5AAFC9-1D60-4279-9C00-2652D0475680
1,465,0.414438502673797,176,0E5AAFC9-1D60-4279-9C00-2652D0475680
2,381,0.339572192513369,176,0E5AAFC9-1D60-4279-9C00-2652D0475680
0,40,0.0367309458218549,177,43D65FCA-03E8-451C-BCD2-08980DE1DDED
1,394,0.361799816345271,177,43D65FCA-03E8-451C-BCD2-08980DE1DDED
2,655,0.601469237832874,177,43D65FCA-03E8-451C-BCD2-08980DE1DDED
0,12,0.0103806228373702,178,32F9981C-B047-49C7-9E13-0E6893CD5DDB
1,602,0.52076124567474,178,32F9981C-B047-49C7-9E13-0E6893CD5DDB
2,542,0.468858131487889,178,32F9981C-B047-49C7-9E13-0E6893CD5DDB
0,310,0.284664830119376,179,6C0EF5A6-B6A3-4AE6-9DF0-DF307F2EDE62
1,149,0.13682277318641,179,6C0EF5A6-B6A3-4AE6-9DF0-DF307F2EDE62
2,630,0.578512396694215,179,6C0EF5A6-B6A3-4AE6-9DF0-DF307F2EDE62
0,706,0.648301193755739,180,6DA66C06-45C0-4A73-A77E-F2FBC1E8DD7A
1,136,0.124885215794307,180,6DA66C06-45C0-4A73-A77E-F2FBC1E8DD7A
2,247,0.226813590449954,180,6DA66C06-45C0-4A73-A77E-F2FBC1E8DD7A
1,368,0.337924701561065,181,4753AA3E-5AC5-4B5B-9B7E-5336390D6F3E
2,721,0.662075298438935,181,4753AA3E-5AC5-4B5B-9B7E-5336390D6F3E
0,507,0.451871657754011,182,21853C3B-FD14-42ED-9717-FB294F2B3C61
1,141,0.125668449197861,182,21853C3B-FD14-42ED-9717-FB294F2B3C61
2,474,0.422459893048128,182,21853C3B-FD14-42ED-9717-FB294F2B3C61
0,708,0.631016042780749,183,863BD9B1-BF95-49F5-880A-436DDC5A48FE
1,129,0.114973262032086,183,863BD9B1-BF95-49F5-880A-436DDC5A48FE
2,285,0.254010695187166,183,863BD9B1-BF95-49F5-880A-436DDC5A48FE
0,1,0.000918273645546373,184,28C28BEC-2A34-4667-AFEB-D8241A2145E8
1,166,0.152433425160698,184,28C28BEC-2A34-4667-AFEB-D8241A2145E8
2,922,0.846648301193756,184,28C28BEC-2A34-4667-AFEB-D8241A2145E8
0,25,0.0216262975778547,185,0E896F76-4738-4975-8C9E-CA9DBDF0ADD3
1,65,0.0562283737024221,185,0E896F76-4738-4975-8C9E-CA9DBDF0ADD3
2,1066,0.922145328719723,185,0E896F76-4738-4975-8C9E-CA9DBDF0ADD3
0,335,0.298573975044563,186,6360DA6C-78DE-470D-B219-F50E59C48042
1,336,0.299465240641711,186,6360DA6C-78DE-470D-B219-F50E59C48042
2,451,0.401960784313726,186,6360DA6C-78DE-470D-B219-F50E59C48042
0,138,0.122994652406417,187,08E6CD25-74C8-44A2-A650-4362FD0BCF84
1,158,0.140819964349376,187,08E6CD25-74C8-44A2-A650-4362FD0BCF84
2,826,0.736185383244207,187,08E6CD25-74C8-44A2-A650-4362FD0BCF84
0,3,0.00275482093663912,188,42B88726-BEFD-4849-8FA6-CFEAF28E7677
1,609,0.559228650137741,188,42B88726-BEFD-4849-8FA6-CFEAF28E7677
2,477,0.43801652892562,188,42B88726-BEFD-4849-8FA6-CFEAF28E7677
0,194,0.172905525846702,189,2C1E684D-CBBF-4A96-86AD-03A0A6D20E80
1,321,0.286096256684492,189,2C1E684D-CBBF-4A96-86AD-03A0A6D20E80
2,607,0.540998217468806,189,2C1E684D-CBBF-4A96-86AD-03A0A6D20E80
0,1,0.00089126559714795,190,77AF51E4-1481-4D10-A777-6AD4D894736F
1,32,0.0285204991087344,190,77AF51E4-1481-4D10-A777-6AD4D894736F
2,1089,0.970588235294118,190,77AF51E4-1481-4D10-A777-6AD4D894736F
0,259,0.237832874196511,191,DFDA10AF-824F-44FA-ABD9-C567A04C03F7
1,232,0.213039485766758,191,DFDA10AF-824F-44FA-ABD9-C567A04C03F7
2,598,0.549127640036731,191,DFDA10AF-824F-44FA-ABD9-C567A04C03F7
0,177,0.162534435261708,192,0010C7C3-C8BC-44D3-8F6E-4445CB8B1DC9
1,144,0.132231404958678,192,0010C7C3-C8BC-44D3-8F6E-4445CB8B1DC9
2,768,0.705234159779614,192,0010C7C3-C8BC-44D3-8F6E-4445CB8B1DC9
0,25,0.0229568411386593,193,2E47640D-8174-4621-9F73-3023BE3DFEC5
1,554,0.508723599632691,193,2E47640D-8174-4621-9F73-3023BE3DFEC5
2,510,0.46831955922865,193,2E47640D-8174-4621-9F73-3023BE3DFEC5
0,585,0.537190082644628,194,24B8B29D-3BBC-402C-A706-534CB2825822
1,194,0.178145087235996,194,24B8B29D-3BBC-402C-A706-534CB2825822
2,310,0.284664830119376,194,24B8B29D-3BBC-402C-A706-534CB2825822
0,104,0.0955004591368228,195,07654F60-4BC8-4FFC-A808-EAD30A3F632D
1,598,0.549127640036731,195,07654F60-4BC8-4FFC-A808-EAD30A3F632D
2,387,0.355371900826446,195,07654F60-4BC8-4FFC-A808-EAD30A3F632D
0,236,0.210338680926916,196,955E5CFD-FAFE-4AD6-8C42-ABA5D870EFF6
1,674,0.600713012477718,196,955E5CFD-FAFE-4AD6-8C42-ABA5D870EFF6
2,212,0.188948306595365,196,955E5CFD-FAFE-4AD6-8C42-ABA5D870EFF6
0,399,0.355614973262032,197,1D52484A-0AF7-4E3C-BF28-9E7ED6A89B2F
1,54,0.0481283422459893,197,1D52484A-0AF7-4E3C-BF28-9E7ED6A89B2F
2,669,0.596256684491979,197,1D52484A-0AF7-4E3C-BF28-9E7ED6A89B2F
1,107,0.0982552800734619,198,1AB43767-0FCD-4DA4-9695-D21312744F97
2,982,0.901744719926538,198,1AB43767-0FCD-4DA4-9695-D21312744F97
0,662,0.607897153351699,199,1492D5FF-A58D-43EF-927B-0999DF992952
1,126,0.115702479338843,199,1492D5FF-A58D-43EF-927B-0999DF992952
2,301,0.276400367309458,199,1492D5FF-A58D-43EF-927B-0999DF992952
0,289,0.257575757575758,200,0E18D11D-F817-44C7-BDF5-C948076EEBB5
1,146,0.130124777183601,200,0E18D11D-F817-44C7-BDF5-C948076EEBB5
2,687,0.612299465240642,200,0E18D11D-F817-44C7-BDF5-C948076EEBB5
0,84,0.0726643598615917,201,14CDEBD1-1AA9-4365-863A-E7B398CE0913
1,78,0.0674740484429066,201,14CDEBD1-1AA9-4365-863A-E7B398CE0913
2,994,0.859861591695502,201,14CDEBD1-1AA9-4365-863A-E7B398CE0913
0,19,0.0164359861591696,202,5FC56CDF-941C-4A20-B2E1-2613A6C92438
1,27,0.023356401384083,202,5FC56CDF-941C-4A20-B2E1-2613A6C92438
2,1110,0.960207612456747,202,5FC56CDF-941C-4A20-B2E1-2613A6C92438
0,644,0.57397504456328,203,D916DB61-3DBB-48D5-8DC6-77763A0E49F8
1,155,0.138146167557932,203,D916DB61-3DBB-48D5-8DC6-77763A0E49F8
2,323,0.287878787878788,203,D916DB61-3DBB-48D5-8DC6-77763A0E49F8
0,111,0.0989304812834225,204,EF00D863-A80D-49F5-8A57-C07ED8BFCB48
1,529,0.471479500891266,204,EF00D863-A80D-49F5-8A57-C07ED8BFCB48
2,482,0.429590017825312,204,EF00D863-A80D-49F5-8A57-C07ED8BFCB48
1,209,0.191919191919192,205,7794492D-532C-4900-A104-0D1FE3AD05E1
2,880,0.808080808080808,205,7794492D-532C-4900-A104-0D1FE3AD05E1
0,58,0.0532598714416896,206,EE2AF528-4777-456F-88CD-D1EC3AEF1970
1,110,0.101010101010101,206,EE2AF528-4777-456F-88CD-D1EC3AEF1970
2,921,0.845730027548209,206,EE2AF528-4777-456F-88CD-D1EC3AEF1970
0,208,0.185383244206774,207,449B0F6E-AA67-46AF-A633-B5C00708E82E
1,355,0.316399286987522,207,449B0F6E-AA67-46AF-A633-B5C00708E82E
2,559,0.498217468805704,207,449B0F6E-AA67-46AF-A633-B5C00708E82E
0,626,0.574839302112029,208,4E740F0D-5062-47D7-B2B7-66F68E2D9B85
1,124,0.11386593204775,208,4E740F0D-5062-47D7-B2B7-66F68E2D9B85
2,339,0.31129476584022,208,4E740F0D-5062-47D7-B2B7-66F68E2D9B85
0,708,0.650137741046832,209,5238D090-E5A7-40D5-B6AC-0B9B9CFC5D44
1,84,0.0771349862258953,209,5238D090-E5A7-40D5-B6AC-0B9B9CFC5D44
2,297,0.272727272727273,209,5238D090-E5A7-40D5-B6AC-0B9B9CFC5D44
0,524,0.453287197231834,210,0D316ED1-06DA-4D5D-9ABF-87ED902AA011
1,126,0.108996539792388,210,0D316ED1-06DA-4D5D-9ABF-87ED902AA011
2,506,0.437716262975779,210,0D316ED1-06DA-4D5D-9ABF-87ED902AA011
0,257,0.235996326905418,211,889D188C-5F3C-437E-A176-DAE09ED0FF5A
1,155,0.142332415059688,211,889D188C-5F3C-437E-A176-DAE09ED0FF5A
2,677,0.621671258034894,211,889D188C-5F3C-437E-A176-DAE09ED0FF5A
0,20,0.017825311942959,212,D8703586-8F59-4FDB-8A37-D77E4DDFCC0C
1,1025,0.913547237076649,212,D8703586-8F59-4FDB-8A37-D77E4DDFCC0C
2,77,0.0686274509803922,212,D8703586-8F59-4FDB-8A37-D77E4DDFCC0C
0,90,0.0778546712802768,213,6D2E81C7-4FF6-4108-9FBE-48C59AB1D409
1,976,0.844290657439446,213,6D2E81C7-4FF6-4108-9FBE-48C59AB1D409
2,90,0.0778546712802768,213,6D2E81C7-4FF6-4108-9FBE-48C59AB1D409
0,280,0.249554367201426,214,8050D884-4974-42A5-B439-4D1AB7C779FB
1,300,0.267379679144385,214,8050D884-4974-42A5-B439-4D1AB7C779FB
2,542,0.483065953654189,214,8050D884-4974-42A5-B439-4D1AB7C779FB
0,513,0.471074380165289,215,219D6B3A-D0B7-42B4-8CD6-719BAD220BC5
1,337,0.309458218549128,215,219D6B3A-D0B7-42B4-8CD6-719BAD220BC5
2,239,0.219467401285583,215,219D6B3A-D0B7-42B4-8CD6-719BAD220BC5
0,90,0.0802139037433155,216,4CBADAEC-1BB6-4817-AC38-60D2DD246FB1
1,89,0.0793226381461676,216,4CBADAEC-1BB6-4817-AC38-60D2DD246FB1
2,943,0.840463458110517,216,4CBADAEC-1BB6-4817-AC38-60D2DD246FB1
0,159,0.141711229946524,217,0D64CB4C-5FC0-40EE-B08D-FE53CDCA8641
1,155,0.138146167557932,217,0D64CB4C-5FC0-40EE-B08D-FE53CDCA8641
2,808,0.720142602495544,217,0D64CB4C-5FC0-40EE-B08D-FE53CDCA8641
0,605,0.555555555555556,218,3E105F5B-10CC-4A15-B0B5-4672CBCB1E49
1,385,0.353535353535354,218,3E105F5B-10CC-4A15-B0B5-4672CBCB1E49
2,99,0.0909090909090909,218,3E105F5B-10CC-4A15-B0B5-4672CBCB1E49
0,270,0.240641711229947,219,5909C0D8-C285-4DED-8C1E-6575C1F8040E
1,373,0.332442067736185,219,5909C0D8-C285-4DED-8C1E-6575C1F8040E
2,479,0.426916221033868,219,5909C0D8-C285-4DED-8C1E-6575C1F8040E
0,726,0.6280276816609,220,D613A9B5-DAC7-414F-9B6E-017A0B0FA18F
1,166,0.143598615916955,220,D613A9B5-DAC7-414F-9B6E-017A0B0FA18F
2,264,0.228373702422145,220,D613A9B5-DAC7-414F-9B6E-017A0B0FA18F
1,171,0.15702479338843,221,096296E6-CA7A-4FE8-BE9E-A3B77D180B91
2,918,0.84297520661157,221,096296E6-CA7A-4FE8-BE9E-A3B77D180B91
0,50,0.0445632798573975,222,94CB974C-A69F-4E6D-97C1-96F320D85CD5
1,242,0.215686274509804,222,94CB974C-A69F-4E6D-97C1-96F320D85CD5
2,830,0.739750445632799,222,94CB974C-A69F-4E6D-97C1-96F320D85CD5
0,23,0.0198961937716263,223,C909F048-4E62-4738-B8E1-287C4F108272
1,208,0.179930795847751,223,C909F048-4E62-4738-B8E1-287C4F108272
2,925,0.800173010380623,223,C909F048-4E62-4738-B8E1-287C4F108272
0,570,0.523415977961433,224,66AFD6D8-4DF8-49E9-9507-7874A878A276
1,409,0.375573921028467,224,66AFD6D8-4DF8-49E9-9507-7874A878A276
2,110,0.101010101010101,224,66AFD6D8-4DF8-49E9-9507-7874A878A276
1,950,0.846702317290553,225,52792347-4AAD-4AA3-A080-E43301A7FC07
2,172,0.153297682709447,225,52792347-4AAD-4AA3-A080-E43301A7FC07
1,963,0.858288770053476,226,71551FBA-1F57-4343-9EC2-7BC40C90678A
2,159,0.141711229946524,226,71551FBA-1F57-4343-9EC2-7BC40C90678A
0,618,0.550802139037433,227,515D2A9D-AC06-4E47-A4AD-BCE777364C9D
1,135,0.120320855614973,227,515D2A9D-AC06-4E47-A4AD-BCE777364C9D
2,369,0.328877005347594,227,515D2A9D-AC06-4E47-A4AD-BCE777364C9D
0,68,0.0624426078971534,228,97CCCFA9-C389-4C4D-9A2B-EFB3DA3235CA
1,157,0.144168962350781,228,97CCCFA9-C389-4C4D-9A2B-EFB3DA3235CA
2,864,0.793388429752066,228,97CCCFA9-C389-4C4D-9A2B-EFB3DA3235CA
0,20,0.0183654729109275,229,084F503C-C200-48F9-AF0D-69BED44A76CC
1,291,0.267217630853994,229,084F503C-C200-48F9-AF0D-69BED44A76CC
2,778,0.714416896235078,229,084F503C-C200-48F9-AF0D-69BED44A76CC
0,385,0.353535353535354,230,192A0841-4A38-42F0-B2D6-5017CD0D5E41
1,183,0.168044077134986,230,192A0841-4A38-42F0-B2D6-5017CD0D5E41
2,521,0.47842056932966,230,192A0841-4A38-42F0-B2D6-5017CD0D5E41
0,628,0.543252595155709,231,43985854-D984-4588-9663-7F82BF98FB20
1,195,0.168685121107266,231,43985854-D984-4588-9663-7F82BF98FB20
2,333,0.288062283737024,231,43985854-D984-4588-9663-7F82BF98FB20
0,505,0.463728191000918,232,E23DBD8B-53FD-40D1-B907-4ED031A60136
1,118,0.108356290174472,232,E23DBD8B-53FD-40D1-B907-4ED031A60136
2,466,0.42791551882461,232,E23DBD8B-53FD-40D1-B907-4ED031A60136
0,320,0.285204991087344,233,C20AF3FC-8E02-47FD-B3A3-2673C09CD568
1,538,0.479500891265597,233,C20AF3FC-8E02-47FD-B3A3-2673C09CD568
2,264,0.235294117647059,233,C20AF3FC-8E02-47FD-B3A3-2673C09CD568
0,647,0.594123048668503,234,9E4C37AF-2F20-4005-A55B-4C83DAA9D266
1,324,0.297520661157025,234,9E4C37AF-2F20-4005-A55B-4C83DAA9D266
2,118,0.108356290174472,234,9E4C37AF-2F20-4005-A55B-4C83DAA9D266
0,885,0.765570934256055,235,1A2AFFD6-2FE4-401D-BE45-2011F98317E3
1,56,0.0484429065743945,235,1A2AFFD6-2FE4-401D-BE45-2011F98317E3
2,215,0.18598615916955,235,1A2AFFD6-2FE4-401D-BE45-2011F98317E3
0,80,0.069204152249135,236,C50AE506-78DC-492A-98F1-E4CF90ACD1B5
1,70,0.0605536332179931,236,C50AE506-78DC-492A-98F1-E4CF90ACD1B5
2,1006,0.870242214532872,236,C50AE506-78DC-492A-98F1-E4CF90ACD1B5
0,806,0.718360071301248,237,573612D3-E983-4494-91EE-54497F6A6555
1,93,0.0828877005347594,237,573612D3-E983-4494-91EE-54497F6A6555
2,223,0.198752228163993,237,573612D3-E983-4494-91EE-54497F6A6555
0,1080,0.934256055363322,238,FE57383B-3769-408C-B6F6-05E12EAF146F
1,74,0.0640138408304498,238,FE57383B-3769-408C-B6F6-05E12EAF146F
2,2,0.00173010380622837,238,FE57383B-3769-408C-B6F6-05E12EAF146F
0,15,0.0129757785467128,239,A0BECC24-8194-42A0-914A-8DD7443F4919
1,380,0.328719723183391,239,A0BECC24-8194-42A0-914A-8DD7443F4919
2,761,0.658304498269896,239,A0BECC24-8194-42A0-914A-8DD7443F4919
0,229,0.204099821746881,240,4E84ADCB-CAD2-4B7C-A081-B4F412F64BB8
1,546,0.486631016042781,240,4E84ADCB-CAD2-4B7C-A081-B4F412F64BB8
2,347,0.309269162210339,240,4E84ADCB-CAD2-4B7C-A081-B4F412F64BB8
0,160,0.142602495543672,241,E6587059-D057-4B3D-A115-BF4E75511C2B
1,172,0.153297682709447,241,E6587059-D057-4B3D-A115-BF4E75511C2B
2,790,0.704099821746881,241,E6587059-D057-4B3D-A115-BF4E75511C2B
0,834,0.765840220385675,242,B18FDE79-27B2-4A20-930D-B12D42EEEF91
1,97,0.0890725436179982,242,B18FDE79-27B2-4A20-930D-B12D42EEEF91
2,158,0.145087235996327,242,B18FDE79-27B2-4A20-930D-B12D42EEEF91
0,162,0.148760330578512,243,860E3634-069C-4D4F-8BB0-E469C157571A
1,54,0.0495867768595041,243,860E3634-069C-4D4F-8BB0-E469C157571A
2,873,0.801652892561983,243,860E3634-069C-4D4F-8BB0-E469C157571A
0,14,0.0128558310376492,244,9AC28FCD-17BB-4940-B782-0E87B094E7DF
1,676,0.620752984389348,244,9AC28FCD-17BB-4940-B782-0E87B094E7DF
2,399,0.366391184573003,244,9AC28FCD-17BB-4940-B782-0E87B094E7DF
0,205,0.18270944741533,245,B09B9519-A9FB-407E-AB4F-958183967F7E
1,558,0.497326203208556,245,B09B9519-A9FB-407E-AB4F-958183967F7E
2,359,0.319964349376114,245,B09B9519-A9FB-407E-AB4F-958183967F7E
0,250,0.229568411386593,246,C07DE37F-752F-4DBE-8162-00006068D9BD
1,203,0.186409550045914,246,C07DE37F-752F-4DBE-8162-00006068D9BD
2,636,0.584022038567493,246,C07DE37F-752F-4DBE-8162-00006068D9BD
0,419,0.362456747404844,247,DCB796D5-021A-4437-880F-9A3A16B80BCC
1,249,0.215397923875433,247,DCB796D5-021A-4437-880F-9A3A16B80BCC
2,488,0.422145328719723,247,DCB796D5-021A-4437-880F-9A3A16B80BCC
0,494,0.453627180899908,248,437FDB9F-8F54-429B-A901-3B2ECD08764C
1,212,0.194674012855831,248,437FDB9F-8F54-429B-A901-3B2ECD08764C
2,383,0.351698806244261,248,437FDB9F-8F54-429B-A901-3B2ECD08764C
0,905,0.782871972318339,249,D4CBB169-6890-4FB4-A8CF-3AC6A1759289
1,113,0.0977508650519031,249,D4CBB169-6890-4FB4-A8CF-3AC6A1759289
2,138,0.119377162629758,249,D4CBB169-6890-4FB4-A8CF-3AC6A1759289
0,397,0.343425605536332,250,21C1707D-8651-44B2-AB09-0C34BD1F7838
1,93,0.0804498269896194,250,21C1707D-8651-44B2-AB09-0C34BD1F7838
2,666,0.576124567474048,250,21C1707D-8651-44B2-AB09-0C34BD1F7838
0,311,0.277183600713012,251,3A2DD442-D61E-465A-95AC-E7230BAA93F3
1,145,0.129233511586453,251,3A2DD442-D61E-465A-95AC-E7230BAA93F3
2,666,0.593582887700535,251,3A2DD442-D61E-465A-95AC-E7230BAA93F3
0,137,0.125803489439853,252,55DD7A81-695D-41E9-9772-F8DFDA1F847F
1,126,0.115702479338843,252,55DD7A81-695D-41E9-9772-F8DFDA1F847F
2,826,0.758494031221304,252,55DD7A81-695D-41E9-9772-F8DFDA1F847F
0,22,0.0202020202020202,253,E5DBCD7C-D950-4935-8B64-3F420BF55D8D
1,233,0.213957759412305,253,E5DBCD7C-D950-4935-8B64-3F420BF55D8D
2,834,0.765840220385675,253,E5DBCD7C-D950-4935-8B64-3F420BF55D8D
1,137,0.122103386809269,254,37D09E5A-389E-4EFA-904E-C49F5FB05340
2,985,0.877896613190731,254,37D09E5A-389E-4EFA-904E-C49F5FB05340
0,400,0.367309458218549,255,AA0CD71E-16CE-4660-B99C-EE09CA6A1B1C
1,219,0.201101928374656,255,AA0CD71E-16CE-4660-B99C-EE09CA6A1B1C
2,470,0.431588613406795,255,AA0CD71E-16CE-4660-B99C-EE09CA6A1B1C
0,133,0.115051903114187,256,3CC2240A-A81C-4927-BCC5-8DE39B711617
1,144,0.124567474048443,256,3CC2240A-A81C-4927-BCC5-8DE39B711617
2,879,0.76038062283737,256,3CC2240A-A81C-4927-BCC5-8DE39B711617
0,142,0.130394857667585,257,BF4E09F4-2B26-4D59-82F4-0E11844CF25C
1,113,0.10376492194674,257,BF4E09F4-2B26-4D59-82F4-0E11844CF25C
2,834,0.765840220385675,257,BF4E09F4-2B26-4D59-82F4-0E11844CF25C
0,116,0.106519742883379,258,9469892E-5FB3-45DC-889B-8818B6062FD0
1,222,0.203856749311295,258,9469892E-5FB3-45DC-889B-8818B6062FD0
2,751,0.689623507805326,258,9469892E-5FB3-45DC-889B-8818B6062FD0
0,89,0.0817263544536272,259,2ACABFCB-9E60-4164-AE9D-62F445C60C36
1,520,0.477502295684114,259,2ACABFCB-9E60-4164-AE9D-62F445C60C36
2,480,0.440771349862259,259,2ACABFCB-9E60-4164-AE9D-62F445C60C36
0,548,0.503213957759412,260,E30821E7-B985-4B7F-B4CD-4295762FE463
1,165,0.151515151515152,260,E30821E7-B985-4B7F-B4CD-4295762FE463
2,376,0.345270890725436,260,E30821E7-B985-4B7F-B4CD-4295762FE463
0,683,0.60873440285205,261,63496736-9792-4C29-B360-7F15D7AFBA9A
1,131,0.116755793226381,261,63496736-9792-4C29-B360-7F15D7AFBA9A
2,308,0.274509803921569,261,63496736-9792-4C29-B360-7F15D7AFBA9A
0,524,0.481175390266299,262,0D5AB698-459F-4876-BBBD-FF1A8298E296
1,190,0.174471992653811,262,0D5AB698-459F-4876-BBBD-FF1A8298E296
2,375,0.34435261707989,262,0D5AB698-459F-4876-BBBD-FF1A8298E296
1,219,0.201101928374656,263,CB6D7377-B305-44DB-87CA-E886012CDE81
2,870,0.798898071625344,263,CB6D7377-B305-44DB-87CA-E886012CDE81
0,39,0.0358126721763085,264,375D8172-F3E3-452B-88E5-570CDABCAEC5
1,231,0.212121212121212,264,375D8172-F3E3-452B-88E5-570CDABCAEC5
2,819,0.752066115702479,264,375D8172-F3E3-452B-88E5-570CDABCAEC5
0,524,0.481175390266299,265,BAC7075F-F972-43C9-96DB-DD4EA4DA897F
1,163,0.149678604224059,265,BAC7075F-F972-43C9-96DB-DD4EA4DA897F
2,402,0.369146005509642,265,BAC7075F-F972-43C9-96DB-DD4EA4DA897F
0,533,0.489439853076217,266,0339C0A0-F557-4401-AF0B-914C43B6B55E
1,117,0.107438016528926,266,0339C0A0-F557-4401-AF0B-914C43B6B55E
2,439,0.403122130394858,266,0339C0A0-F557-4401-AF0B-914C43B6B55E
0,112,0.102846648301194,267,30882270-ADE7-42CA-BC40-17DE5A1B7A64
1,410,0.376492194674013,267,30882270-ADE7-42CA-BC40-17DE5A1B7A64
2,567,0.520661157024794,267,30882270-ADE7-42CA-BC40-17DE5A1B7A64
0,304,0.270944741532977,268,D3FCA82C-3502-41FA-9783-3C31F40B49F5
1,305,0.271836007130125,268,D3FCA82C-3502-41FA-9783-3C31F40B49F5
2,513,0.457219251336898,268,D3FCA82C-3502-41FA-9783-3C31F40B49F5
0,397,0.36455463728191,269,8B61AA12-D27F-4B4E-88F7-E961B4587106
1,203,0.186409550045914,269,8B61AA12-D27F-4B4E-88F7-E961B4587106
2,489,0.449035812672176,269,8B61AA12-D27F-4B4E-88F7-E961B4587106
0,366,0.336088154269972,270,25987B67-FB35-440E-A789-15944A7AC180
1,358,0.328741965105602,270,25987B67-FB35-440E-A789-15944A7AC180
2,365,0.335169880624426,270,25987B67-FB35-440E-A789-15944A7AC180
0,887,0.814508723599633,271,3CA57C15-4A6B-43BE-AFDE-5A8DC38BEFFD
1,111,0.101928374655647,271,3CA57C15-4A6B-43BE-AFDE-5A8DC38BEFFD
2,91,0.0835629017447199,271,3CA57C15-4A6B-43BE-AFDE-5A8DC38BEFFD
0,888,0.79144385026738,272,98E2ABDD-3EDC-41AE-8B92-B6E4EAD3A447
1,79,0.0704099821746881,272,98E2ABDD-3EDC-41AE-8B92-B6E4EAD3A447
2,155,0.138146167557932,272,98E2ABDD-3EDC-41AE-8B92-B6E4EAD3A447
0,44,0.0392156862745098,273,5D79C252-D6A5-4D47-962D-63E5C4D17F05
1,129,0.114973262032086,273,5D79C252-D6A5-4D47-962D-63E5C4D17F05
2,949,0.845811051693405,273,5D79C252-D6A5-4D47-962D-63E5C4D17F05
0,6,0.00550964187327824,274,D9E92DF6-2FD2-4A28-A5E0-42332A7E2BB3
1,240,0.220385674931129,274,D9E92DF6-2FD2-4A28-A5E0-42332A7E2BB3
2,843,0.774104683195592,274,D9E92DF6-2FD2-4A28-A5E0-42332A7E2BB3
0,17,0.0156106519742883,275,CEA06626-2E6F-474F-92EF-D0F00A1B5685
1,579,0.53168044077135,275,CEA06626-2E6F-474F-92EF-D0F00A1B5685
2,493,0.452708907254362,275,CEA06626-2E6F-474F-92EF-D0F00A1B5685
1,78,0.0695187165775401,276,D9C3A0C3-A303-418A-ADC8-B2158741E982
2,1044,0.93048128342246,276,D9C3A0C3-A303-418A-ADC8-B2158741E982
0,416,0.370766488413547,277,D07C1DDF-1AF4-4BCE-AD2B-75A02BA27FD7
1,240,0.213903743315508,277,D07C1DDF-1AF4-4BCE-AD2B-75A02BA27FD7
2,466,0.415329768270945,277,D07C1DDF-1AF4-4BCE-AD2B-75A02BA27FD7
0,12,0.0110192837465565,278,8041C2CF-95D2-4A3A-81B1-CB155F8CA3E5
1,67,0.061524334251607,278,8041C2CF-95D2-4A3A-81B1-CB155F8CA3E5
2,1010,0.927456382001836,278,8041C2CF-95D2-4A3A-81B1-CB155F8CA3E5
0,22,0.0196078431372549,279,6771E550-344C-4B1F-BEF3-D9923CD37E72
1,407,0.362745098039216,279,6771E550-344C-4B1F-BEF3-D9923CD37E72
2,693,0.617647058823529,279,6771E550-344C-4B1F-BEF3-D9923CD37E72
0,120,0.110192837465565,280,7204332B-8441-41D8-98D3-92E4EDD1D0D6
1,176,0.161616161616162,280,7204332B-8441-41D8-98D3-92E4EDD1D0D6
2,793,0.728191000918274,280,7204332B-8441-41D8-98D3-92E4EDD1D0D6
0,39,0.0347593582887701,281,CA4E180C-1652-4C68-ADEE-414EC9A06CC9
1,361,0.32174688057041,281,CA4E180C-1652-4C68-ADEE-414EC9A06CC9
2,722,0.64349376114082,281,CA4E180C-1652-4C68-ADEE-414EC9A06CC9
0,9,0.00826446280991736,282,4F8F0E90-ADC6-4FBA-86DD-79D15FD88E2D
1,470,0.431588613406795,282,4F8F0E90-ADC6-4FBA-86DD-79D15FD88E2D
2,610,0.560146923783288,282,4F8F0E90-ADC6-4FBA-86DD-79D15FD88E2D
0,16,0.0142602495543672,283,7371B6A9-4B60-46EE-976C-ADF54E0C4C9D
1,275,0.245098039215686,283,7371B6A9-4B60-46EE-976C-ADF54E0C4C9D
2,831,0.740641711229947,283,7371B6A9-4B60-46EE-976C-ADF54E0C4C9D
0,795,0.730027548209367,284,3EC3B82E-8359-47D5-9E25-471DE274FA61
1,37,0.0339761248852158,284,3EC3B82E-8359-47D5-9E25-471DE274FA61
2,257,0.235996326905418,284,3EC3B82E-8359-47D5-9E25-471DE274FA61
0,608,0.541889483065954,285,820BB15F-CB94-4B05-BACC-211CF240FFFF
1,240,0.213903743315508,285,820BB15F-CB94-4B05-BACC-211CF240FFFF
2,274,0.244206773618538,285,820BB15F-CB94-4B05-BACC-211CF240FFFF
0,85,0.0735294117647059,286,445A31E7-0A4D-4B32-8D97-8E6218280F2A
1,230,0.198961937716263,286,445A31E7-0A4D-4B32-8D97-8E6218280F2A
2,841,0.727508650519031,286,445A31E7-0A4D-4B32-8D97-8E6218280F2A
0,306,0.28099173553719,287,C7D1673E-CBDE-4B94-9C9D-B79278215A74
1,108,0.0991735537190083,287,C7D1673E-CBDE-4B94-9C9D-B79278215A74
2,675,0.619834710743802,287,C7D1673E-CBDE-4B94-9C9D-B79278215A74
0,194,0.178145087235996,288,C59DD191-E915-43B6-B3BC-7A53A4866464
1,142,0.130394857667585,288,C59DD191-E915-43B6-B3BC-7A53A4866464
2,753,0.691460055096419,288,C59DD191-E915-43B6-B3BC-7A53A4866464
0,283,0.259871441689624,289,187E6EEC-C8BD-46DE-9922-F0552EFD2DAE
1,522,0.479338842975207,289,187E6EEC-C8BD-46DE-9922-F0552EFD2DAE
2,284,0.26078971533517,289,187E6EEC-C8BD-46DE-9922-F0552EFD2DAE
0,412,0.367201426024955,290,74E3A002-8D9A-4123-9D20-29625B50392F
1,563,0.501782531194296,290,74E3A002-8D9A-4123-9D20-29625B50392F
2,147,0.131016042780749,290,74E3A002-8D9A-4123-9D20-29625B50392F
0,775,0.711662075298439,291,0B3A9605-9183-4B9B-9BFF-C19EE622409C
1,50,0.0459136822773186,291,0B3A9605-9183-4B9B-9BFF-C19EE622409C
2,264,0.242424242424242,291,0B3A9605-9183-4B9B-9BFF-C19EE622409C
0,869,0.797979797979798,292,64B35022-D325-40FF-894F-77F565ADA5F4
1,44,0.0404040404040404,292,64B35022-D325-40FF-894F-77F565ADA5F4
2,176,0.161616161616162,292,64B35022-D325-40FF-894F-77F565ADA5F4
0,141,0.129476584022039,293,DB35CE45-6461-4621-838B-26681187E988
1,660,0.606060606060606,293,DB35CE45-6461-4621-838B-26681187E988
2,288,0.264462809917355,293,DB35CE45-6461-4621-838B-26681187E988
0,70,0.0623885918003565,294,1AA2C9C5-1139-43E4-BEDE-74286D2649A0
1,499,0.444741532976827,294,1AA2C9C5-1139-43E4-BEDE-74286D2649A0
2,553,0.492869875222816,294,1AA2C9C5-1139-43E4-BEDE-74286D2649A0
0,96,0.0881542699724518,295,A79D616D-40F3-4F2E-881D-0B1300155E56
1,218,0.200183654729109,295,A79D616D-40F3-4F2E-881D-0B1300155E56
2,775,0.711662075298439,295,A79D616D-40F3-4F2E-881D-0B1300155E56
0,714,0.636363636363636,296,43DA9F21-67E2-4B80-8379-26AD6A6651E0
1,242,0.215686274509804,296,43DA9F21-67E2-4B80-8379-26AD6A6651E0
2,166,0.14795008912656,296,43DA9F21-67E2-4B80-8379-26AD6A6651E0
0,52,0.0463458110516934,297,40BE00E1-9DA3-4E89-9866-F9749790B0C3
1,785,0.699643493761141,297,40BE00E1-9DA3-4E89-9866-F9749790B0C3
2,285,0.254010695187166,297,40BE00E1-9DA3-4E89-9866-F9749790B0C3
0,48,0.0440771349862259,298,775286CB-AC94-4244-A697-CE8B2A13EA85
1,263,0.241505968778696,298,775286CB-AC94-4244-A697-CE8B2A13EA85
2,778,0.714416896235078,298,775286CB-AC94-4244-A697-CE8B2A13EA85
0,656,0.567474048442907,299,5924D75C-C165-4551-A14E-C370444E5B9D
1,271,0.234429065743945,299,5924D75C-C165-4551-A14E-C370444E5B9D
2,229,0.198096885813149,299,5924D75C-C165-4551-A14E-C370444E5B9D
1,250,0.229568411386593,300,3E789721-2EB2-427E-83BA-8EFF99CEDA7F
2,839,0.770431588613407,300,3E789721-2EB2-427E-83BA-8EFF99CEDA7F
0,57,0.0508021390374332,301,F2607872-9BAB-42B6-9259-34DD492BD0B0
1,348,0.310160427807487,301,F2607872-9BAB-42B6-9259-34DD492BD0B0
2,717,0.63903743315508,301,F2607872-9BAB-42B6-9259-34DD492BD0B0
0,426,0.391184573002755,302,78739B83-5A45-42EE-A1E7-706DF273F7AF
1,198,0.181818181818182,302,78739B83-5A45-42EE-A1E7-706DF273F7AF
2,465,0.426997245179063,302,78739B83-5A45-42EE-A1E7-706DF273F7AF
0,175,0.155971479500891,303,4DB5C657-B76F-4D5D-9F8E-A12BB3222A73
1,223,0.198752228163993,303,4DB5C657-B76F-4D5D-9F8E-A12BB3222A73
2,724,0.645276292335116,303,4DB5C657-B76F-4D5D-9F8E-A12BB3222A73
0,190,0.174471992653811,304,B15C2C48-1087-4B40-87D4-5A9672406FEB
1,276,0.253443526170799,304,B15C2C48-1087-4B40-87D4-5A9672406FEB
2,623,0.57208448117539,304,B15C2C48-1087-4B40-87D4-5A9672406FEB
0,683,0.59083044982699,305,7E141D74-306E-4666-8D95-557869BA56EB
1,154,0.133217993079585,305,7E141D74-306E-4666-8D95-557869BA56EB
2,319,0.275951557093426,305,7E141D74-306E-4666-8D95-557869BA56EB
0,161,0.14349376114082,306,A5FFD1BD-F26A-4A23-8710-52FE27FA0EAD
1,32,0.0285204991087344,306,A5FFD1BD-F26A-4A23-8710-52FE27FA0EAD
2,929,0.827985739750446,306,A5FFD1BD-F26A-4A23-8710-52FE27FA0EAD
0,507,0.451871657754011,307,6CECBC3C-F69B-4A5C-9E41-B053F92DA5B4
1,158,0.140819964349376,307,6CECBC3C-F69B-4A5C-9E41-B053F92DA5B4
2,457,0.407308377896613,307,6CECBC3C-F69B-4A5C-9E41-B053F92DA5B4
0,147,0.134986225895317,308,37E3B5F6-76E4-4CDA-91B4-FADA03A033DD
1,187,0.171717171717172,308,37E3B5F6-76E4-4CDA-91B4-FADA03A033DD
2,755,0.693296602387512,308,37E3B5F6-76E4-4CDA-91B4-FADA03A033DD
0,135,0.12396694214876,309,2B498419-ECAE-4379-9766-975F96250E34
1,78,0.0716253443526171,309,2B498419-ECAE-4379-9766-975F96250E34
2,876,0.804407713498623,309,2B498419-ECAE-4379-9766-975F96250E34
0,253,0.225490196078431,310,0ED58AC8-1B3F-4750-A2CD-B8DB56897D4A
1,11,0.00980392156862745,310,0ED58AC8-1B3F-4750-A2CD-B8DB56897D4A
2,858,0.764705882352941,310,0ED58AC8-1B3F-4750-A2CD-B8DB56897D4A
0,240,0.220385674931129,311,CA4848C9-1339-4846-A8A7-0507A27CC355
1,424,0.389348025711662,311,CA4848C9-1339-4846-A8A7-0507A27CC355
2,425,0.390266299357208,311,CA4848C9-1339-4846-A8A7-0507A27CC355
0,23,0.0204991087344029,312,D384FE5E-C69A-4E67-A65A-A298684FDEEC
1,335,0.298573975044563,312,D384FE5E-C69A-4E67-A65A-A298684FDEEC
2,764,0.680926916221034,312,D384FE5E-C69A-4E67-A65A-A298684FDEEC
0,473,0.42156862745098,313,F301DD9E-5B81-432A-8E61-D31886621DA6
1,175,0.155971479500891,313,F301DD9E-5B81-432A-8E61-D31886621DA6
2,474,0.422459893048128,313,F301DD9E-5B81-432A-8E61-D31886621DA6
0,433,0.385918003565062,314,708A54CA-15C5-434E-900D-49F296CFC5D8
1,137,0.122103386809269,314,708A54CA-15C5-434E-900D-49F296CFC5D8
2,552,0.491978609625669,314,708A54CA-15C5-434E-900D-49F296CFC5D8
0,623,0.57208448117539,315,398807BF-72C8-4C3C-8436-3A747566C733
1,75,0.068870523415978,315,398807BF-72C8-4C3C-8436-3A747566C733
2,391,0.359044995408632,315,398807BF-72C8-4C3C-8436-3A747566C733
0,535,0.49127640036731,316,F57E9CA1-0FA5-4170-B48F-4FF614B44614
1,137,0.125803489439853,316,F57E9CA1-0FA5-4170-B48F-4FF614B44614
2,417,0.382920110192837,316,F57E9CA1-0FA5-4170-B48F-4FF614B44614
0,76,0.0697887970615243,317,04A25F86-E691-48A2-B403-0C920F77B539
1,173,0.158861340679523,317,04A25F86-E691-48A2-B403-0C920F77B539
2,840,0.771349862258953,317,04A25F86-E691-48A2-B403-0C920F77B539
0,82,0.0709342560553633,318,A094118A-69BB-4399-B11F-B2768C69EA8E
1,203,0.17560553633218,318,A094118A-69BB-4399-B11F-B2768C69EA8E
2,871,0.753460207612457,318,A094118A-69BB-4399-B11F-B2768C69EA8E
0,33,0.0294117647058824,319,92A5B275-B225-44A6-8BFB-D3AEC49C75EE
1,395,0.35204991087344,319,92A5B275-B225-44A6-8BFB-D3AEC49C75EE
2,694,0.618538324420677,319,92A5B275-B225-44A6-8BFB-D3AEC49C75EE
0,6,0.0053475935828877,320,1EAE9E80-D8FA-4404-A1B3-66EAF7F1061A
1,56,0.0499108734402852,320,1EAE9E80-D8FA-4404-A1B3-66EAF7F1061A
2,1060,0.944741532976827,320,1EAE9E80-D8FA-4404-A1B3-66EAF7F1061A
0,256,0.235078053259871,321,9A355BAA-43CC-4004-BFF8-8A3BEF2C1263
1,361,0.331496786042241,321,9A355BAA-43CC-4004-BFF8-8A3BEF2C1263
2,472,0.433425160697888,321,9A355BAA-43CC-4004-BFF8-8A3BEF2C1263
0,130,0.115864527629234,322,50F5B0BC-399C-4012-B854-981261CFC836
1,748,0.666666666666667,322,50F5B0BC-399C-4012-B854-981261CFC836
2,244,0.2174688057041,322,50F5B0BC-399C-4012-B854-981261CFC836
0,114,0.0986159169550173,323,6F7A15EC-5EEA-4953-A20B-7CBFC5FE933D
1,71,0.0614186851211073,323,6F7A15EC-5EEA-4953-A20B-7CBFC5FE933D
2,971,0.839965397923876,323,6F7A15EC-5EEA-4953-A20B-7CBFC5FE933D
0,432,0.385026737967914,324,5561D31D-A700-4DDC-BDD6-E43D3E62B95C
1,318,0.283422459893048,324,5561D31D-A700-4DDC-BDD6-E43D3E62B95C
2,372,0.331550802139037,324,5561D31D-A700-4DDC-BDD6-E43D3E62B95C
0,396,0.363636363636364,325,6DBB1ACB-41DC-4ACD-9A46-66DB4AB1414E
1,222,0.203856749311295,325,6DBB1ACB-41DC-4ACD-9A46-66DB4AB1414E
2,471,0.432506887052342,325,6DBB1ACB-41DC-4ACD-9A46-66DB4AB1414E
0,316,0.281639928698752,326,41A32AFD-A0D7-4E42-AF9B-633B76B1B21E
1,329,0.293226381461676,326,41A32AFD-A0D7-4E42-AF9B-633B76B1B21E
2,477,0.425133689839572,326,41A32AFD-A0D7-4E42-AF9B-633B76B1B21E
0,69,0.0614973262032086,327,5094EE04-674A-4EE8-B67B-71B9B2FB2DF5
1,298,0.265597147950089,327,5094EE04-674A-4EE8-B67B-71B9B2FB2DF5
2,755,0.672905525846702,327,5094EE04-674A-4EE8-B67B-71B9B2FB2DF5
0,536,0.492194674012856,328,B069B775-0287-42DA-95A2-402817E1D412
1,75,0.068870523415978,328,B069B775-0287-42DA-95A2-402817E1D412
2,478,0.438934802571166,328,B069B775-0287-42DA-95A2-402817E1D412
0,110,0.0980392156862745,329,28D28C5A-8818-483B-8515-95763D579F61
1,327,0.29144385026738,329,28D28C5A-8818-483B-8515-95763D579F61
2,685,0.610516934046346,329,28D28C5A-8818-483B-8515-95763D579F61
0,273,0.24331550802139,330,408DA683-6C38-4D3B-B5AE-73B9EC38A6BF
1,241,0.214795008912656,330,408DA683-6C38-4D3B-B5AE-73B9EC38A6BF
2,608,0.541889483065954,330,408DA683-6C38-4D3B-B5AE-73B9EC38A6BF
0,886,0.789661319073084,331,F83E5753-74F2-4A8F-A358-D829D0F1315C
1,106,0.0944741532976827,331,F83E5753-74F2-4A8F-A358-D829D0F1315C
2,130,0.115864527629234,331,F83E5753-74F2-4A8F-A358-D829D0F1315C
0,805,0.73921028466483,332,BDC3BCEC-EE7E-4772-B789-0E83B9936F88
1,155,0.142332415059688,332,BDC3BCEC-EE7E-4772-B789-0E83B9936F88
2,129,0.118457300275482,332,BDC3BCEC-EE7E-4772-B789-0E83B9936F88
0,19,0.0174471992653811,333,CB3A1D10-A950-405E-9CA0-B213AF1B4B11
1,272,0.249770431588613,333,CB3A1D10-A950-405E-9CA0-B213AF1B4B11
2,798,0.732782369146006,333,CB3A1D10-A950-405E-9CA0-B213AF1B4B11
0,688,0.595155709342561,334,7E103BF9-969B-43C1-8317-7CBF804C1756
1,58,0.0501730103806228,334,7E103BF9-969B-43C1-8317-7CBF804C1756
2,410,0.354671280276817,334,7E103BF9-969B-43C1-8317-7CBF804C1756
0,460,0.409982174688057,335,875C669C-604B-47F8-8F76-248BEAE5CE0D
1,52,0.0463458110516934,335,875C669C-604B-47F8-8F76-248BEAE5CE0D
2,610,0.54367201426025,335,875C669C-604B-47F8-8F76-248BEAE5CE0D
0,180,0.155709342560554,336,E81F11FE-86A4-4907-8635-1E899DB92B61
1,179,0.154844290657439,336,E81F11FE-86A4-4907-8635-1E899DB92B61
2,797,0.689446366782007,336,E81F11FE-86A4-4907-8635-1E899DB92B61
0,189,0.168449197860963,337,5A55600E-30E1-44ED-B2EE-5A2A5D22F368
1,198,0.176470588235294,337,5A55600E-30E1-44ED-B2EE-5A2A5D22F368
2,735,0.655080213903743,337,5A55600E-30E1-44ED-B2EE-5A2A5D22F368
0,73,0.0650623885918004,338,E9B7AA55-535A-40F4-B99D-35A12EDE229C
1,88,0.0784313725490196,338,E9B7AA55-535A-40F4-B99D-35A12EDE229C
2,961,0.85650623885918,338,E9B7AA55-535A-40F4-B99D-35A12EDE229C
0,51,0.0454545454545455,339,EEF6FA62-8619-426E-885A-18CEA063F138
1,335,0.298573975044563,339,EEF6FA62-8619-426E-885A-18CEA063F138
2,736,0.655971479500891,339,EEF6FA62-8619-426E-885A-18CEA063F138
0,125,0.114784205693297,340,FB3750CD-C9B3-43E8-88ED-075359C4E886
1,109,0.100091827364555,340,FB3750CD-C9B3-43E8-88ED-075359C4E886
2,855,0.785123966942149,340,FB3750CD-C9B3-43E8-88ED-075359C4E886
0,22,0.0196078431372549,341,B290995B-DC22-4E06-8BB7-EAAC6EE49E09
1,175,0.155971479500891,341,B290995B-DC22-4E06-8BB7-EAAC6EE49E09
2,925,0.824420677361854,341,B290995B-DC22-4E06-8BB7-EAAC6EE49E09
0,18,0.0160427807486631,342,4C58C493-2A7A-4850-9D1A-96A540475731
1,240,0.213903743315508,342,4C58C493-2A7A-4850-9D1A-96A540475731
2,864,0.770053475935829,342,4C58C493-2A7A-4850-9D1A-96A540475731
0,30,0.0275482093663912,343,B98F19CD-A2CD-48F1-979A-A34148CEB90A
1,304,0.279155188246097,343,B98F19CD-A2CD-48F1-979A-A34148CEB90A
2,755,0.693296602387512,343,B98F19CD-A2CD-48F1-979A-A34148CEB90A
0,466,0.403114186851211,344,569BB608-BBE7-4794-ACCF-EA9902CA00C6
1,208,0.179930795847751,344,569BB608-BBE7-4794-ACCF-EA9902CA00C6
2,482,0.416955017301038,344,569BB608-BBE7-4794-ACCF-EA9902CA00C6
0,282,0.258953168044077,345,0B99D18F-A437-415D-A2B3-B1E991D81521
1,318,0.292011019283747,345,0B99D18F-A437-415D-A2B3-B1E991D81521
2,489,0.449035812672176,345,0B99D18F-A437-415D-A2B3-B1E991D81521
0,39,0.0358126721763085,346,AD6C1FE7-D502-412A-A20A-3EBB403EF8FE
1,101,0.0927456382001836,346,AD6C1FE7-D502-412A-A20A-3EBB403EF8FE
2,949,0.871441689623508,346,AD6C1FE7-D502-412A-A20A-3EBB403EF8FE
0,8,0.0071301247771836,347,E5DF1561-3301-462F-860C-EA2B5DB00D1A
1,202,0.180035650623886,347,E5DF1561-3301-462F-860C-EA2B5DB00D1A
2,912,0.812834224598931,347,E5DF1561-3301-462F-860C-EA2B5DB00D1A
0,523,0.480257116620753,348,61B6B26B-B8D7-4F71-8DB9-543AC9ABE6FD
1,249,0.228650137741047,348,61B6B26B-B8D7-4F71-8DB9-543AC9ABE6FD
2,317,0.2910927456382,348,61B6B26B-B8D7-4F71-8DB9-543AC9ABE6FD
0,509,0.467401285583104,349,F1705F40-4358-42E3-AA97-D1C760C44806
1,243,0.223140495867769,349,F1705F40-4358-42E3-AA97-D1C760C44806
2,337,0.309458218549128,349,F1705F40-4358-42E3-AA97-D1C760C44806
0,1,0.00089126559714795,350,6006CC08-8B06-48FF-B285-16133A44652A
1,182,0.162210338680927,350,6006CC08-8B06-48FF-B285-16133A44652A
2,939,0.836898395721925,350,6006CC08-8B06-48FF-B285-16133A44652A
0,231,0.212121212121212,351,C5096F96-28AB-4605-9E28-33D648120FAB
1,199,0.182736455463728,351,C5096F96-28AB-4605-9E28-33D648120FAB
2,659,0.60514233241506,351,C5096F96-28AB-4605-9E28-33D648120FAB
0,328,0.30119375573921,352,964F395E-A9B4-4614-823C-803A061979AB
1,112,0.102846648301194,352,964F395E-A9B4-4614-823C-803A061979AB
2,649,0.595959595959596,352,964F395E-A9B4-4614-823C-803A061979AB
0,65,0.0579322638146168,353,20379645-0F24-44F9-AB17-99ABC9CF447A
1,23,0.0204991087344029,353,20379645-0F24-44F9-AB17-99ABC9CF447A
2,1034,0.92156862745098,353,20379645-0F24-44F9-AB17-99ABC9CF447A
0,29,0.0258467023172906,354,D4E804EB-02F5-4697-B580-F07937144E32
1,367,0.327094474153298,354,D4E804EB-02F5-4697-B580-F07937144E32
2,726,0.647058823529412,354,D4E804EB-02F5-4697-B580-F07937144E32
0,417,0.382920110192837,355,A2DE4444-78CD-42F9-B0D4-CAAD1EE6DE5F
1,215,0.19742883379247,355,A2DE4444-78CD-42F9-B0D4-CAAD1EE6DE5F
2,457,0.419651056014692,355,A2DE4444-78CD-42F9-B0D4-CAAD1EE6DE5F
0,590,0.525846702317291,356,1D06A60A-95E5-40AC-8115-E7FD54693689
1,278,0.24777183600713,356,1D06A60A-95E5-40AC-8115-E7FD54693689
2,254,0.226381461675579,356,1D06A60A-95E5-40AC-8115-E7FD54693689
0,7,0.00642791551882461,357,52C25A37-C08C-43DC-B051-DC20854BB74F
1,24,0.0220385674931129,357,52C25A37-C08C-43DC-B051-DC20854BB74F
2,1058,0.971533516988062,357,52C25A37-C08C-43DC-B051-DC20854BB74F
1,66,0.0588235294117647,358,57C71BB0-9B9F-4888-9E37-46FD53204987
2,1056,0.941176470588235,358,57C71BB0-9B9F-4888-9E37-46FD53204987
0,160,0.14692378328742,359,46989D35-41DA-48B8-9CD7-12AD2765977A
1,63,0.0578512396694215,359,46989D35-41DA-48B8-9CD7-12AD2765977A
2,866,0.795224977043159,359,46989D35-41DA-48B8-9CD7-12AD2765977A
0,174,0.155080213903743,360,4B03BB4E-CB1B-40D7-B05E-F5F91A630C59
1,93,0.0828877005347594,360,4B03BB4E-CB1B-40D7-B05E-F5F91A630C59
2,855,0.762032085561497,360,4B03BB4E-CB1B-40D7-B05E-F5F91A630C59
0,221,0.202938475665748,361,F72F52AD-CE9E-4D9A-94D4-853B25C097D7
1,79,0.0725436179981635,361,F72F52AD-CE9E-4D9A-94D4-853B25C097D7
2,789,0.724517906336088,361,F72F52AD-CE9E-4D9A-94D4-853B25C097D7
0,114,0.104683195592286,362,E15550D5-A4DB-4C62-B9F5-181A6BA5401E
1,574,0.527089072543618,362,E15550D5-A4DB-4C62-B9F5-181A6BA5401E
2,401,0.368227731864096,362,E15550D5-A4DB-4C62-B9F5-181A6BA5401E
0,75,0.068870523415978,363,46638818-64FC-43E3-BD63-C4B2A2857F72
1,401,0.368227731864096,363,46638818-64FC-43E3-BD63-C4B2A2857F72
2,613,0.562901744719927,363,46638818-64FC-43E3-BD63-C4B2A2857F72
0,18,0.0165289256198347,364,A962CB1E-FE3B-47B4-8C20-8507EADF08D5
1,43,0.039485766758494,364,A962CB1E-FE3B-47B4-8C20-8507EADF08D5
2,1028,0.943985307621671,364,A962CB1E-FE3B-47B4-8C20-8507EADF08D5
0,28,0.0257116620752984,365,9FD90E97-9C4E-478F-9A89-724C74C95FDC
1,54,0.0495867768595041,365,9FD90E97-9C4E-478F-9A89-724C74C95FDC
2,1007,0.924701561065197,365,9FD90E97-9C4E-478F-9A89-724C74C95FDC
0,8,0.0069204152249135,366,B5DC9415-8243-4094-AF92-EA7F304943D9
1,368,0.318339100346021,366,B5DC9415-8243-4094-AF92-EA7F304943D9
2,780,0.674740484429066,366,B5DC9415-8243-4094-AF92-EA7F304943D9
0,239,0.21301247771836,367,4A3FD6EB-75C9-4D47-9E92-15BF9BD8FAF1
1,624,0.556149732620321,367,4A3FD6EB-75C9-4D47-9E92-15BF9BD8FAF1
2,259,0.230837789661319,367,4A3FD6EB-75C9-4D47-9E92-15BF9BD8FAF1
0,13,0.0115864527629234,368,238530EF-FDEF-42A8-BB78-FF8E9DD4EDDB
1,460,0.409982174688057,368,238530EF-FDEF-42A8-BB78-FF8E9DD4EDDB
2,649,0.57843137254902,368,238530EF-FDEF-42A8-BB78-FF8E9DD4EDDB
0,176,0.156862745098039,369,DD0BE6B8-8E0E-4748-B5EC-EE0D1F0584FF
1,249,0.22192513368984,369,DD0BE6B8-8E0E-4748-B5EC-EE0D1F0584FF
2,697,0.621212121212121,369,DD0BE6B8-8E0E-4748-B5EC-EE0D1F0584FF
0,90,0.0802139037433155,370,76B987A5-8507-4698-AC13-877779DD70D5
1,653,0.581996434937611,370,76B987A5-8507-4698-AC13-877779DD70D5
2,379,0.337789661319073,370,76B987A5-8507-4698-AC13-877779DD70D5
1,184,0.163992869875223,371,019A1F0D-C6D3-41A4-822E-DBE7D4155859
2,938,0.836007130124777,371,019A1F0D-C6D3-41A4-822E-DBE7D4155859
0,8,0.00734618916437098,372,D19CEEBA-B6B2-4948-BFAD-8502EC989914
1,385,0.353535353535354,372,D19CEEBA-B6B2-4948-BFAD-8502EC989914
2,696,0.639118457300276,372,D19CEEBA-B6B2-4948-BFAD-8502EC989914
0,16,0.0142602495543672,373,102C38CF-B13B-49AC-B96E-CD3C13AC6ACE
1,275,0.245098039215686,373,102C38CF-B13B-49AC-B96E-CD3C13AC6ACE
2,831,0.740641711229947,373,102C38CF-B13B-49AC-B96E-CD3C13AC6ACE
0,24,0.0207612456747405,374,5C4EF956-032D-4ADE-BBBF-F98513F13964
1,432,0.373702422145329,374,5C4EF956-032D-4ADE-BBBF-F98513F13964
2,700,0.605536332179931,374,5C4EF956-032D-4ADE-BBBF-F98513F13964
0,279,0.248663101604278,375,8AE3206B-5577-423B-B4E5-17AFEFA57D61
1,280,0.249554367201426,375,8AE3206B-5577-423B-B4E5-17AFEFA57D61
2,563,0.501782531194296,375,8AE3206B-5577-423B-B4E5-17AFEFA57D61
0,117,0.107438016528926,376,8A662B21-E792-4E8E-A94C-D9F6194FE46C
1,182,0.16712580348944,376,8A662B21-E792-4E8E-A94C-D9F6194FE46C
2,790,0.725436179981635,376,8A662B21-E792-4E8E-A94C-D9F6194FE46C
0,55,0.0505050505050505,377,615D30F3-D7FA-4ADD-95A6-76E2E6795057
1,52,0.0477502295684114,377,615D30F3-D7FA-4ADD-95A6-76E2E6795057
2,982,0.901744719926538,377,615D30F3-D7FA-4ADD-95A6-76E2E6795057
0,404,0.370982552800735,378,779B9DFB-1780-4FA1-9DD8-8C66CDAC5F37
1,197,0.180899908172635,378,779B9DFB-1780-4FA1-9DD8-8C66CDAC5F37
2,488,0.44811753902663,378,779B9DFB-1780-4FA1-9DD8-8C66CDAC5F37
0,538,0.479500891265597,379,50F3B4EF-2AF8-45C5-B408-BAB421619ABC
1,115,0.102495543672014,379,50F3B4EF-2AF8-45C5-B408-BAB421619ABC
2,469,0.418003565062389,379,50F3B4EF-2AF8-45C5-B408-BAB421619ABC
0,340,0.312213039485767,380,223D1DF4-C0FF-4B5C-9567-80F4C2002A23
1,181,0.166207529843893,380,223D1DF4-C0FF-4B5C-9567-80F4C2002A23
2,568,0.52157943067034,380,223D1DF4-C0FF-4B5C-9567-80F4C2002A23
0,34,0.0312213039485767,381,677E6E24-C135-4927-BC0B-FBA3476A20E6
1,121,0.111111111111111,381,677E6E24-C135-4927-BC0B-FBA3476A20E6
2,934,0.857667584940312,381,677E6E24-C135-4927-BC0B-FBA3476A20E6
0,250,0.229568411386593,382,8D3CCDC1-C0A1-486C-9BBF-7140FD3A1316
1,181,0.166207529843893,382,8D3CCDC1-C0A1-486C-9BBF-7140FD3A1316
2,658,0.604224058769513,382,8D3CCDC1-C0A1-486C-9BBF-7140FD3A1316
0,11,0.00980392156862745,383,2B47D800-006D-4D08-AEE9-2CF89A009FEA
1,242,0.215686274509804,383,2B47D800-006D-4D08-AEE9-2CF89A009FEA
2,869,0.774509803921569,383,2B47D800-006D-4D08-AEE9-2CF89A009FEA
1,246,0.225895316804408,384,DE410D35-A44D-4313-803B-418ECD9E2734
2,843,0.774104683195592,384,DE410D35-A44D-4313-803B-418ECD9E2734
0,368,0.327985739750446,385,54A83584-7553-4967-972D-AF1D40EEE11D
1,298,0.265597147950089,385,54A83584-7553-4967-972D-AF1D40EEE11D
2,456,0.406417112299465,385,54A83584-7553-4967-972D-AF1D40EEE11D
0,42,0.0374331550802139,386,487F8ACD-952A-47F6-B5D0-C2EE80CEE3F1
1,397,0.353832442067736,386,487F8ACD-952A-47F6-B5D0-C2EE80CEE3F1
2,683,0.60873440285205,386,487F8ACD-952A-47F6-B5D0-C2EE80CEE3F1
0,73,0.0650623885918004,387,99E47334-A025-475D-9CEF-593E0FA950AF
1,357,0.318181818181818,387,99E47334-A025-475D-9CEF-593E0FA950AF
2,692,0.616755793226381,387,99E47334-A025-475D-9CEF-593E0FA950AF
0,28,0.0249554367201426,388,6CBA473C-AABF-44FE-8A46-43EE62F86110
1,184,0.163992869875223,388,6CBA473C-AABF-44FE-8A46-43EE62F86110
2,910,0.811051693404635,388,6CBA473C-AABF-44FE-8A46-43EE62F86110
0,12,0.0110192837465565,389,20F5A59D-ACE9-49F6-B569-985EA3CAAABE
1,729,0.669421487603306,389,20F5A59D-ACE9-49F6-B569-985EA3CAAABE
2,348,0.319559228650138,389,20F5A59D-ACE9-49F6-B569-985EA3CAAABE
0,12,0.0106951871657754,390,DFAF29DE-731C-4C18-BBBE-C5319EFC169D
1,586,0.522281639928699,390,DFAF29DE-731C-4C18-BBBE-C5319EFC169D
2,524,0.467023172905526,390,DFAF29DE-731C-4C18-BBBE-C5319EFC169D
0,164,0.150596877869605,391,B4BD8EC8-713F-47CF-A91D-7BF0F70FC748
1,436,0.400367309458219,391,B4BD8EC8-713F-47CF-A91D-7BF0F70FC748
2,489,0.449035812672176,391,B4BD8EC8-713F-47CF-A91D-7BF0F70FC748
0,338,0.310376492194674,392,D25377E1-B43C-4C88-996C-83CCACF6F724
1,235,0.215794306703398,392,D25377E1-B43C-4C88-996C-83CCACF6F724
2,516,0.473829201101928,392,D25377E1-B43C-4C88-996C-83CCACF6F724
0,657,0.603305785123967,393,8074F572-AF14-465D-ACD8-95F1CF943736
1,153,0.140495867768595,393,8074F572-AF14-465D-ACD8-95F1CF943736
2,279,0.256198347107438,393,8074F572-AF14-465D-ACD8-95F1CF943736
0,699,0.641873278236915,394,8D1AE7B3-D501-436B-8C8F-E909057FA96E
1,49,0.0449954086317723,394,8D1AE7B3-D501-436B-8C8F-E909057FA96E
2,341,0.313131313131313,394,8D1AE7B3-D501-436B-8C8F-E909057FA96E
0,313,0.287419651056015,395,981D27A2-856D-46D4-8AE9-40308132286A
1,319,0.292929292929293,395,981D27A2-856D-46D4-8AE9-40308132286A
2,457,0.419651056014692,395,981D27A2-856D-46D4-8AE9-40308132286A
0,228,0.209366391184573,396,23952D91-81C8-4B15-9A23-4759BEBC4651
1,129,0.118457300275482,396,23952D91-81C8-4B15-9A23-4759BEBC4651
2,732,0.672176308539945,396,23952D91-81C8-4B15-9A23-4759BEBC4651
0,85,0.0735294117647059,397,3CDDFB1B-50EF-4397-B4BE-00CE4742A52F
1,230,0.198961937716263,397,3CDDFB1B-50EF-4397-B4BE-00CE4742A52F
2,841,0.727508650519031,397,3CDDFB1B-50EF-4397-B4BE-00CE4742A52F
0,212,0.188948306595365,398,634F4991-3DF6-48B3-9BC6-2BDC02ACEB43
1,144,0.128342245989305,398,634F4991-3DF6-48B3-9BC6-2BDC02ACEB43
2,766,0.68270944741533,398,634F4991-3DF6-48B3-9BC6-2BDC02ACEB43
0,283,0.259871441689624,399,FA18BC39-0D82-45B4-AC11-5D37470E0BDB
1,522,0.479338842975207,399,FA18BC39-0D82-45B4-AC11-5D37470E0BDB
2,284,0.26078971533517,399,FA18BC39-0D82-45B4-AC11-5D37470E0BDB
0,412,0.367201426024955,400,D64A9360-CCC8-40AA-992C-0C085C8A907C
1,563,0.501782531194296,400,D64A9360-CCC8-40AA-992C-0C085C8A907C
2,147,0.131016042780749,400,D64A9360-CCC8-40AA-992C-0C085C8A907C
0,775,0.711662075298439,401,FE1F587A-EBB8-4C2F-960A-E2616104F40B
1,50,0.0459136822773186,401,FE1F587A-EBB8-4C2F-960A-E2616104F40B
2,264,0.242424242424242,401,FE1F587A-EBB8-4C2F-960A-E2616104F40B
0,828,0.760330578512397,402,D1E33462-2EAF-4B17-8E78-5DFAE1612C9D
1,50,0.0459136822773186,402,D1E33462-2EAF-4B17-8E78-5DFAE1612C9D
2,211,0.193755739210285,402,D1E33462-2EAF-4B17-8E78-5DFAE1612C9D
0,81,0.072192513368984,403,DC7358D3-49BA-4611-92C7-9525C5BF0E16
1,510,0.454545454545455,403,DC7358D3-49BA-4611-92C7-9525C5BF0E16
2,531,0.473262032085562,403,DC7358D3-49BA-4611-92C7-9525C5BF0E16
0,75,0.064878892733564,404,171CF5CD-3289-4484-AF64-B6E33148D7CC
1,364,0.314878892733564,404,171CF5CD-3289-4484-AF64-B6E33148D7CC
2,717,0.620242214532872,404,171CF5CD-3289-4484-AF64-B6E33148D7CC
0,56,0.0514233241505969,405,0A11190E-3C58-4395-BFF4-5DBDD4C12FA2
1,247,0.226813590449954,405,0A11190E-3C58-4395-BFF4-5DBDD4C12FA2
2,786,0.721763085399449,405,0A11190E-3C58-4395-BFF4-5DBDD4C12FA2
0,24,0.0220385674931129,406,0F63976E-65E7-4605-B2F9-00D4CED571DB
1,289,0.265381083562902,406,0F63976E-65E7-4605-B2F9-00D4CED571DB
2,776,0.712580348943985,406,0F63976E-65E7-4605-B2F9-00D4CED571DB
0,714,0.636363636363636,407,7A1A38D5-DA82-4F61-AC3A-E47E4397A716
1,242,0.215686274509804,407,7A1A38D5-DA82-4F61-AC3A-E47E4397A716
2,166,0.14795008912656,407,7A1A38D5-DA82-4F61-AC3A-E47E4397A716
0,535,0.49127640036731,408,ECB053F9-499F-4A99-871B-7B5AB7F09954
1,226,0.20752984389348,408,ECB053F9-499F-4A99-871B-7B5AB7F09954
2,328,0.30119375573921,408,ECB053F9-499F-4A99-871B-7B5AB7F09954
1,250,0.229568411386593,409,F3E9D14C-52F8-4070-9CA6-6E391ADA2C7F
2,839,0.770431588613407,409,F3E9D14C-52F8-4070-9CA6-6E391ADA2C7F
0,57,0.0508021390374332,410,43D52A3D-15F5-447C-A4C3-F05751F9B0BF
1,348,0.310160427807487,410,43D52A3D-15F5-447C-A4C3-F05751F9B0BF
2,717,0.63903743315508,410,43D52A3D-15F5-447C-A4C3-F05751F9B0BF
0,116,0.103386809269162,411,13C462EE-B2FF-4915-AE56-0C588E205EDC
1,171,0.152406417112299,411,13C462EE-B2FF-4915-AE56-0C588E205EDC
2,835,0.744206773618538,411,13C462EE-B2FF-4915-AE56-0C588E205EDC
0,170,0.156106519742883,412,69E177F3-DA68-40AF-A600-07819F87579F
1,192,0.176308539944904,412,69E177F3-DA68-40AF-A600-07819F87579F
2,727,0.667584940312213,412,69E177F3-DA68-40AF-A600-07819F87579F
0,201,0.179144385026738,413,3145C0E0-DDAF-4556-BD2C-6B904750E701
1,129,0.114973262032086,413,3145C0E0-DDAF-4556-BD2C-6B904750E701
2,792,0.705882352941177,413,3145C0E0-DDAF-4556-BD2C-6B904750E701
0,106,0.0916955017301038,414,527ADE55-8AD2-484B-B2BD-760C20CF1E8C
1,79,0.0683391003460208,414,527ADE55-8AD2-484B-B2BD-760C20CF1E8C
2,971,0.839965397923876,414,527ADE55-8AD2-484B-B2BD-760C20CF1E8C
0,161,0.14349376114082,415,A1E046E4-3697-4691-9569-A96E50ACC623
1,32,0.0285204991087344,415,A1E046E4-3697-4691-9569-A96E50ACC623
2,929,0.827985739750446,415,A1E046E4-3697-4691-9569-A96E50ACC623
0,887,0.814508723599633,416,861459C0-AD62-4ACC-A9BF-04BDE1645828
1,111,0.101928374655647,416,861459C0-AD62-4ACC-A9BF-04BDE1645828
2,91,0.0835629017447199,416,861459C0-AD62-4ACC-A9BF-04BDE1645828
0,882,0.786096256684492,417,0D0586BE-FE1E-4FAB-ADFA-A6B708F58DD7
1,80,0.071301247771836,417,0D0586BE-FE1E-4FAB-ADFA-A6B708F58DD7
2,160,0.142602495543672,417,0D0586BE-FE1E-4FAB-ADFA-A6B708F58DD7
0,507,0.451871657754011,418,0EF3EF2D-AD06-4986-B377-AA2C5AD25FEE
1,158,0.140819964349376,418,0EF3EF2D-AD06-4986-B377-AA2C5AD25FEE
2,457,0.407308377896613,418,0EF3EF2D-AD06-4986-B377-AA2C5AD25FEE
0,147,0.134986225895317,419,C78983F0-A4FD-4607-A061-8D3A6AE4C4D1
1,187,0.171717171717172,419,C78983F0-A4FD-4607-A061-8D3A6AE4C4D1
2,755,0.693296602387512,419,C78983F0-A4FD-4607-A061-8D3A6AE4C4D1
0,135,0.12396694214876,420,5C1CF6CA-BBD2-4275-8CAF-2575EFA5B3F3
1,82,0.0752984389348026,420,5C1CF6CA-BBD2-4275-8CAF-2575EFA5B3F3
2,872,0.800734618916437,420,5C1CF6CA-BBD2-4275-8CAF-2575EFA5B3F3
0,150,0.137741046831956,421,7B3BBC26-D912-43E5-A493-3BCAE07452FD
1,10,0.00918273645546373,421,7B3BBC26-D912-43E5-A493-3BCAE07452FD
2,929,0.85307621671258,421,7B3BBC26-D912-43E5-A493-3BCAE07452FD
0,240,0.220385674931129,422,199D5745-ACCD-4446-A248-579188DC377E
1,424,0.389348025711662,422,199D5745-ACCD-4446-A248-579188DC377E
2,425,0.390266299357208,422,199D5745-ACCD-4446-A248-579188DC377E
0,17,0.0156106519742883,423,4F84C701-4E0C-4C47-83FF-DD8D53F0C955
1,328,0.30119375573921,423,4F84C701-4E0C-4C47-83FF-DD8D53F0C955
2,744,0.683195592286501,423,4F84C701-4E0C-4C47-83FF-DD8D53F0C955
0,779,0.694295900178253,424,232CC5F8-EF35-4643-AFE6-C655163A2397
1,88,0.0784313725490196,424,232CC5F8-EF35-4643-AFE6-C655163A2397
2,255,0.227272727272727,424,232CC5F8-EF35-4643-AFE6-C655163A2397
0,433,0.385918003565062,425,F13B02C8-C188-4EF6-8C7A-0E1EFFC2472C
1,137,0.122103386809269,425,F13B02C8-C188-4EF6-8C7A-0E1EFFC2472C
2,552,0.491978609625669,425,F13B02C8-C188-4EF6-8C7A-0E1EFFC2472C
0,581,0.502595155709343,426,95531458-FCC1-4A10-A2B1-8B763FDCA0FC
1,143,0.123702422145329,426,95531458-FCC1-4A10-A2B1-8B763FDCA0FC
2,432,0.373702422145329,426,95531458-FCC1-4A10-A2B1-8B763FDCA0FC
0,632,0.580348943985308,427,4D8B2341-DDE6-4047-B706-64D99E2A4BDF
1,76,0.0697887970615243,427,4D8B2341-DDE6-4047-B706-64D99E2A4BDF
2,381,0.349862258953168,427,4D8B2341-DDE6-4047-B706-64D99E2A4BDF
0,82,0.0709342560553633,428,719A25B7-77E4-4D49-8DB7-18432309617F
1,203,0.17560553633218,428,719A25B7-77E4-4D49-8DB7-18432309617F
2,871,0.753460207612457,428,719A25B7-77E4-4D49-8DB7-18432309617F
0,76,0.0697887970615243,429,22FC5FD2-D293-487C-9AFB-1BAF55B119F0
1,173,0.158861340679523,429,22FC5FD2-D293-487C-9AFB-1BAF55B119F0
2,840,0.771349862258953,429,22FC5FD2-D293-487C-9AFB-1BAF55B119F0
0,33,0.0294117647058824,430,A8D2AB03-0201-4FCD-AF23-66D2E12AD488
1,396,0.352941176470588,430,A8D2AB03-0201-4FCD-AF23-66D2E12AD488
2,693,0.617647058823529,430,A8D2AB03-0201-4FCD-AF23-66D2E12AD488
0,6,0.0053475935828877,431,332A59CD-BAD5-4135-80BA-DD82C69CFC60
1,55,0.0490196078431373,431,332A59CD-BAD5-4135-80BA-DD82C69CFC60
2,1061,0.945632798573975,431,332A59CD-BAD5-4135-80BA-DD82C69CFC60
0,125,0.111408199643494,432,7390B141-EA3A-453C-9283-EA3B3180E1EF
1,386,0.344028520499109,432,7390B141-EA3A-453C-9283-EA3B3180E1EF
2,611,0.544563279857398,432,7390B141-EA3A-453C-9283-EA3B3180E1EF
0,91,0.0811051693404635,433,2112E482-8D42-4643-B733-2DA43F2E9DAE
1,649,0.57843137254902,433,2112E482-8D42-4643-B733-2DA43F2E9DAE
2,382,0.340463458110517,433,2112E482-8D42-4643-B733-2DA43F2E9DAE
0,130,0.119375573921028,434,DD9A5F70-0D63-461B-99DC-679C9D26E8F8
1,722,0.662993572084481,434,DD9A5F70-0D63-461B-99DC-679C9D26E8F8
2,237,0.21763085399449,434,DD9A5F70-0D63-461B-99DC-679C9D26E8F8
0,70,0.0605536332179931,435,2B02CAFC-953B-412F-B99E-A1B665BE9637
1,64,0.055363321799308,435,2B02CAFC-953B-412F-B99E-A1B665BE9637
2,1022,0.884083044982699,435,2B02CAFC-953B-412F-B99E-A1B665BE9637
0,432,0.385026737967914,436,18281A87-092E-4615-9648-E4B6518AF115
1,318,0.283422459893048,436,18281A87-092E-4615-9648-E4B6518AF115
2,372,0.331550802139037,436,18281A87-092E-4615-9648-E4B6518AF115
0,396,0.363636363636364,437,B3BAC4DB-48BC-4E95-B189-D81420FDEE5D
1,222,0.203856749311295,437,B3BAC4DB-48BC-4E95-B189-D81420FDEE5D
2,471,0.432506887052342,437,B3BAC4DB-48BC-4E95-B189-D81420FDEE5D
0,53,0.0472370766488414,438,A0DC392B-BB5A-4B39-9F09-FC0B47D69412
1,366,0.32620320855615,438,A0DC392B-BB5A-4B39-9F09-FC0B47D69412
2,703,0.626559714795009,438,A0DC392B-BB5A-4B39-9F09-FC0B47D69412
0,72,0.0661157024793388,439,33100FC2-98F9-4660-8703-760F74552174
1,277,0.254361799816345,439,33100FC2-98F9-4660-8703-760F74552174
2,740,0.679522497704316,439,33100FC2-98F9-4660-8703-760F74552174
0,536,0.492194674012856,440,B3244992-F1D2-42E3-AE7A-5A01813765B0
1,75,0.068870523415978,440,B3244992-F1D2-42E3-AE7A-5A01813765B0
2,478,0.438934802571166,440,B3244992-F1D2-42E3-AE7A-5A01813765B0
0,120,0.106951871657754,441,A86CAE75-E097-48D4-B97E-2391FBBAF886
1,320,0.285204991087344,441,A86CAE75-E097-48D4-B97E-2391FBBAF886
2,682,0.607843137254902,441,A86CAE75-E097-48D4-B97E-2391FBBAF886
0,294,0.269972451790634,442,9C112772-7D74-4A26-938E-C17C93BCD04A
1,165,0.151515151515152,442,9C112772-7D74-4A26-938E-C17C93BCD04A
2,630,0.578512396694215,442,9C112772-7D74-4A26-938E-C17C93BCD04A
0,266,0.244260789715335,443,20F6C4DC-68FF-4E3F-8720-25FC65FCCC59
1,218,0.200183654729109,443,20F6C4DC-68FF-4E3F-8720-25FC65FCCC59
2,605,0.555555555555556,443,20F6C4DC-68FF-4E3F-8720-25FC65FCCC59
0,886,0.789661319073084,444,812710E9-491A-44CD-823F-67E5CA31365F
1,106,0.0944741532976827,444,812710E9-491A-44CD-823F-67E5CA31365F
2,130,0.115864527629234,444,812710E9-491A-44CD-823F-67E5CA31365F
0,805,0.73921028466483,445,99544C3E-FACC-478D-95A6-E5264C2CF18E
1,155,0.142332415059688,445,99544C3E-FACC-478D-95A6-E5264C2CF18E
2,129,0.118457300275482,445,99544C3E-FACC-478D-95A6-E5264C2CF18E
0,259,0.237832874196511,446,5ED8341D-05ED-4A17-8748-D358D499F23D
1,242,0.222222222222222,446,5ED8341D-05ED-4A17-8748-D358D499F23D
2,588,0.539944903581267,446,5ED8341D-05ED-4A17-8748-D358D499F23D
0,19,0.0169340463458111,447,C9302037-1A4E-4126-BDB3-582220BE9AEC
1,293,0.261140819964349,447,C9302037-1A4E-4126-BDB3-582220BE9AEC
2,810,0.72192513368984,447,C9302037-1A4E-4126-BDB3-582220BE9AEC
0,106,0.0944741532976827,448,73CC4AE5-D232-403E-A411-17978E1764EA
1,61,0.054367201426025,448,73CC4AE5-D232-403E-A411-17978E1764EA
2,955,0.851158645276292,448,73CC4AE5-D232-403E-A411-17978E1764EA
0,361,0.331496786042241,449,0C84DFCE-3445-41E7-A4D3-C50EF140C6CB
1,66,0.0606060606060606,449,0C84DFCE-3445-41E7-A4D3-C50EF140C6CB
2,662,0.607897153351699,449,0C84DFCE-3445-41E7-A4D3-C50EF140C6CB
0,189,0.168449197860963,450,071D2290-FD5F-41B3-80E8-8EC4E945757E
1,198,0.176470588235294,450,071D2290-FD5F-41B3-80E8-8EC4E945757E
2,735,0.655080213903743,450,071D2290-FD5F-41B3-80E8-8EC4E945757E
0,73,0.0650623885918004,451,5599FA3E-3D05-4307-9A2F-14E6989A92FF
1,88,0.0784313725490196,451,5599FA3E-3D05-4307-9A2F-14E6989A92FF
2,961,0.85650623885918,451,5599FA3E-3D05-4307-9A2F-14E6989A92FF
0,50,0.0459136822773186,452,3627235E-5E23-4A22-8566-4441D56A3B55
1,256,0.235078053259871,452,3627235E-5E23-4A22-8566-4441D56A3B55
2,783,0.71900826446281,452,3627235E-5E23-4A22-8566-4441D56A3B55
0,125,0.111408199643494,453,F3D3B62C-8D22-45AC-B846-CBC767E42604
1,109,0.0971479500891266,453,F3D3B62C-8D22-45AC-B846-CBC767E42604
2,888,0.79144385026738,453,F3D3B62C-8D22-45AC-B846-CBC767E42604
0,22,0.0196078431372549,454,287AB93F-2129-4485-A00A-706DFB2E4748
1,185,0.164884135472371,454,287AB93F-2129-4485-A00A-706DFB2E4748
2,915,0.815508021390374,454,287AB93F-2129-4485-A00A-706DFB2E4748
0,139,0.123885918003565,455,08B84CBF-ADA3-4BE0-90D0-6399C641C631
1,609,0.542780748663102,455,08B84CBF-ADA3-4BE0-90D0-6399C641C631
2,374,0.333333333333333,455,08B84CBF-ADA3-4BE0-90D0-6399C641C631
0,135,0.120320855614973,456,85C3236F-F9B1-42C7-806A-BB1E96970298
1,711,0.633689839572193,456,85C3236F-F9B1-42C7-806A-BB1E96970298
2,276,0.245989304812834,456,85C3236F-F9B1-42C7-806A-BB1E96970298
0,21,0.0181660899653979,457,98565772-B4EF-4B73-83DC-5365F2C5BF98
1,256,0.221453287197232,457,98565772-B4EF-4B73-83DC-5365F2C5BF98
2,879,0.76038062283737,457,98565772-B4EF-4B73-83DC-5365F2C5BF98
0,6,0.00550964187327824,458,84617C77-1ECE-4119-8C04-452E41126A05
1,120,0.110192837465565,458,84617C77-1ECE-4119-8C04-452E41126A05
2,963,0.884297520661157,458,84617C77-1ECE-4119-8C04-452E41126A05
0,423,0.365916955017301,459,2B1B52CD-DCC6-4572-9AAE-8FE3375C5DC6
1,54,0.0467128027681661,459,2B1B52CD-DCC6-4572-9AAE-8FE3375C5DC6
2,679,0.587370242214533,459,2B1B52CD-DCC6-4572-9AAE-8FE3375C5DC6
0,427,0.392102846648301,460,C06D025F-17AD-4B19-BC57-0DD12B2BE4FE
1,199,0.182736455463728,460,C06D025F-17AD-4B19-BC57-0DD12B2BE4FE
2,463,0.425160697887971,460,C06D025F-17AD-4B19-BC57-0DD12B2BE4FE
0,296,0.256055363321799,461,3AEDD4AF-0933-425F-B2D8-9AD4F712D211
1,345,0.298442906574395,461,3AEDD4AF-0933-425F-B2D8-9AD4F712D211
2,515,0.445501730103806,461,3AEDD4AF-0933-425F-B2D8-9AD4F712D211
0,46,0.0409982174688057,462,C54BDE44-E3E2-465D-B864-322403EE30C4
1,101,0.090017825311943,462,C54BDE44-E3E2-465D-B864-322403EE30C4
2,975,0.868983957219251,462,C54BDE44-E3E2-465D-B864-322403EE30C4
0,12,0.0106951871657754,463,463DD10E-C286-4BE5-8768-65E7EA99B63A
1,204,0.181818181818182,463,463DD10E-C286-4BE5-8768-65E7EA99B63A
2,906,0.807486631016043,463,463DD10E-C286-4BE5-8768-65E7EA99B63A
0,523,0.480257116620753,464,D92E914C-8AAD-4220-B725-230ACA0B8B3F
1,249,0.228650137741047,464,D92E914C-8AAD-4220-B725-230ACA0B8B3F
2,317,0.2910927456382,464,D92E914C-8AAD-4220-B725-230ACA0B8B3F
0,509,0.467401285583104,465,E94AB78B-A2EF-4653-8A16-E2998F1C7AB4
1,243,0.223140495867769,465,E94AB78B-A2EF-4653-8A16-E2998F1C7AB4
2,337,0.309458218549128,465,E94AB78B-A2EF-4653-8A16-E2998F1C7AB4
0,1,0.00089126559714795,466,AFEC3E2F-52E3-4BF4-B131-A042308B25FE
1,182,0.162210338680927,466,AFEC3E2F-52E3-4BF4-B131-A042308B25FE
2,939,0.836898395721925,466,AFEC3E2F-52E3-4BF4-B131-A042308B25FE
0,142,0.130394857667585,467,6D8BD011-1E68-4E61-9BCD-EFF32E5A7C91
1,113,0.10376492194674,467,6D8BD011-1E68-4E61-9BCD-EFF32E5A7C91
2,834,0.765840220385675,467,6D8BD011-1E68-4E61-9BCD-EFF32E5A7C91
0,425,0.378787878787879,468,35AC05F0-2A36-44EB-8050-4A5E1D3B188C
1,109,0.0971479500891266,468,35AC05F0-2A36-44EB-8050-4A5E1D3B188C
2,588,0.524064171122995,468,35AC05F0-2A36-44EB-8050-4A5E1D3B188C
0,7,0.00642791551882461,469,D16DFB28-CCBE-489E-9A0C-11B77E8945BA
1,24,0.0220385674931129,469,D16DFB28-CCBE-489E-9A0C-11B77E8945BA
2,1058,0.971533516988062,469,D16DFB28-CCBE-489E-9A0C-11B77E8945BA
0,160,0.14692378328742,470,3A5371CF-5A62-410D-8CF6-A0FFFBAA96A3
1,57,0.0523415977961433,470,3A5371CF-5A62-410D-8CF6-A0FFFBAA96A3
2,872,0.800734618916437,470,3A5371CF-5A62-410D-8CF6-A0FFFBAA96A3
1,62,0.0552584670231729,471,F8CBDC08-1E09-4ACA-927A-7DC606C36184
2,1060,0.944741532976827,471,F8CBDC08-1E09-4ACA-927A-7DC606C36184
0,179,0.164370982552801,472,ECBD3C34-A273-4517-A06F-4EAF121AD17D
1,85,0.0780532598714417,472,ECBD3C34-A273-4517-A06F-4EAF121AD17D
2,825,0.757575757575758,472,ECBD3C34-A273-4517-A06F-4EAF121AD17D
0,209,0.191919191919192,473,9E8CFF77-5FA8-4822-8814-1174B342F45B
1,77,0.0707070707070707,473,9E8CFF77-5FA8-4822-8814-1174B342F45B
2,803,0.737373737373737,473,9E8CFF77-5FA8-4822-8814-1174B342F45B
0,148,0.131907308377897,474,012FEC08-1937-4F6B-9E58-4B5AC7F13752
1,254,0.226381461675579,474,012FEC08-1937-4F6B-9E58-4B5AC7F13752
2,720,0.641711229946524,474,012FEC08-1937-4F6B-9E58-4B5AC7F13752
0,75,0.068870523415978,475,85A73336-F7A5-4D80-9CC9-DBC6BB29B329
1,401,0.368227731864096,475,85A73336-F7A5-4D80-9CC9-DBC6BB29B329
2,613,0.562901744719927,475,85A73336-F7A5-4D80-9CC9-DBC6BB29B329
0,18,0.0165289256198347,476,1B90EB3C-7D73-4E47-B49C-7F0CE49EEF1E
1,43,0.039485766758494,476,1B90EB3C-7D73-4E47-B49C-7F0CE49EEF1E
2,1028,0.943985307621671,476,1B90EB3C-7D73-4E47-B49C-7F0CE49EEF1E
0,28,0.0257116620752984,477,DEBF2465-69F7-40AC-8B54-779490C7B8F4
1,54,0.0495867768595041,477,DEBF2465-69F7-40AC-8B54-779490C7B8F4
2,1007,0.924701561065197,477,DEBF2465-69F7-40AC-8B54-779490C7B8F4
0,8,0.0071301247771836,478,B3A0FB79-C470-4AB8-914E-982E86271E72
1,356,0.31729055258467,478,B3A0FB79-C470-4AB8-914E-982E86271E72
2,758,0.675579322638146,478,B3A0FB79-C470-4AB8-914E-982E86271E72
0,106,0.0973370064279155,479,1242BE22-E24E-421B-997D-07DDABA5D528
1,653,0.599632690541782,479,1242BE22-E24E-421B-997D-07DDABA5D528
2,330,0.303030303030303,479,1242BE22-E24E-421B-997D-07DDABA5D528
0,170,0.147058823529412,480,A63DD6B9-6AA5-4AF0-8276-A38F45557F30
1,219,0.189446366782007,480,A63DD6B9-6AA5-4AF0-8276-A38F45557F30
2,767,0.663494809688581,480,A63DD6B9-6AA5-4AF0-8276-A38F45557F30
1,729,0.630622837370242,481,D50371C3-0604-42CE-8E83-0DCFEA1C0AA6
2,427,0.369377162629758,481,D50371C3-0604-42CE-8E83-0DCFEA1C0AA6
0,272,0.242424242424242,482,0286C4E1-D88A-4884-ACC7-F06DFEC90585
1,27,0.0240641711229947,482,0286C4E1-D88A-4884-ACC7-F06DFEC90585
2,823,0.733511586452763,482,0286C4E1-D88A-4884-ACC7-F06DFEC90585
0,262,0.233511586452763,483,B925FFB3-4979-4B92-820F-BF1A70A20A89
1,350,0.311942959001783,483,B925FFB3-4979-4B92-820F-BF1A70A20A89
2,510,0.454545454545455,483,B925FFB3-4979-4B92-820F-BF1A70A20A89
0,400,0.367309458218549,484,90A0E666-8557-4826-99B8-8176294A392A
1,306,0.28099173553719,484,90A0E666-8557-4826-99B8-8176294A392A
2,383,0.351698806244261,484,90A0E666-8557-4826-99B8-8176294A392A
0,5,0.00459136822773186,485,8A3A6661-DF95-4ED4-9035-F608CED34E90
1,217,0.199265381083563,485,8A3A6661-DF95-4ED4-9035-F608CED34E90
2,867,0.796143250688705,485,8A3A6661-DF95-4ED4-9035-F608CED34E90
0,39,0.0358126721763085,486,32796E65-C683-4100-8CF4-3EB326DEDEFF
1,158,0.145087235996327,486,32796E65-C683-4100-8CF4-3EB326DEDEFF
2,892,0.819100091827365,486,32796E65-C683-4100-8CF4-3EB326DEDEFF
0,66,0.0588235294117647,487,D2FE7809-B059-4C33-92EA-09E50C35DA7E
1,23,0.0204991087344029,487,D2FE7809-B059-4C33-92EA-09E50C35DA7E
2,1033,0.920677361853832,487,D2FE7809-B059-4C33-92EA-09E50C35DA7E
1,111,0.101928374655647,488,939EC6F8-76A6-4EDE-989B-30DC62E06AC4
2,978,0.898071625344353,488,939EC6F8-76A6-4EDE-989B-30DC62E06AC4
0,418,0.372549019607843,489,37A50CDE-28C2-4CF3-8416-919444CE01C3
1,199,0.177361853832442,489,37A50CDE-28C2-4CF3-8416-919444CE01C3
2,505,0.450089126559715,489,37A50CDE-28C2-4CF3-8416-919444CE01C3
0,417,0.382920110192837,490,D8ADC3F2-FF27-431F-BEAC-AA0F2EB4D3D5
1,322,0.295684113865932,490,D8ADC3F2-FF27-431F-BEAC-AA0F2EB4D3D5
2,350,0.321395775941231,490,D8ADC3F2-FF27-431F-BEAC-AA0F2EB4D3D5
0,52,0.0463458110516934,491,FD87328E-BB5D-4D54-97A5-403946F7C4EF
1,785,0.699643493761141,491,FD87328E-BB5D-4D54-97A5-403946F7C4EF
2,285,0.254010695187166,491,FD87328E-BB5D-4D54-97A5-403946F7C4EF
0,48,0.0440771349862259,492,B51B5FB4-1AE6-4810-A234-B75C1A84C178
1,263,0.241505968778696,492,B51B5FB4-1AE6-4810-A234-B75C1A84C178
2,778,0.714416896235078,492,B51B5FB4-1AE6-4810-A234-B75C1A84C178
0,432,0.385026737967914,493,12EB0E8F-D23D-4A13-A4FD-FEBF65F40351
1,78,0.0695187165775401,493,12EB0E8F-D23D-4A13-A4FD-FEBF65F40351
2,612,0.545454545454545,493,12EB0E8F-D23D-4A13-A4FD-FEBF65F40351
0,205,0.188246097337006,494,3D144D97-6AFD-4B8E-8CE9-958438DCF867
1,78,0.0716253443526171,494,3D144D97-6AFD-4B8E-8CE9-958438DCF867
2,806,0.740128558310377,494,3D144D97-6AFD-4B8E-8CE9-958438DCF867
0,767,0.683600713012478,495,ABD7B1C4-60B2-45E5-9380-434E73CBA148
1,114,0.101604278074866,495,ABD7B1C4-60B2-45E5-9380-434E73CBA148
2,241,0.214795008912656,495,ABD7B1C4-60B2-45E5-9380-434E73CBA148
0,720,0.661157024793388,496,AD24F7D9-8C82-4DCA-B5E6-D222D48DC6A6
1,176,0.161616161616162,496,AD24F7D9-8C82-4DCA-B5E6-D222D48DC6A6
2,193,0.17722681359045,496,AD24F7D9-8C82-4DCA-B5E6-D222D48DC6A6
0,526,0.468805704099822,497,D21FDCAC-D26F-42F3-926A-41F8B9B062B3
1,283,0.25222816399287,497,D21FDCAC-D26F-42F3-926A-41F8B9B062B3
2,313,0.278966131907308,497,D21FDCAC-D26F-42F3-926A-41F8B9B062B3
